I,II,III,AVR,AVL,AVF,V1,V2,V3,V4,V5,V6
0.018,0.017,-0.002,-0.018,0.01,0.007,0.01,0.035,0.08,0.059,0.039,0.025
0.006,0.01,0.003,-0.008,0.002,0.007,0.009,0.034,0.078,0.059,0.04,0.025
0.029,0.04,0.011,-0.035,0.009,0.026,0.011,0.036,0.08,0.06,0.041,0.026
-0.026,-0.031,-0.005,0.029,-0.01,-0.018,0.008,0.032,0.078,0.062,0.04,0.024
-0.011,-0.014,-0.003,0.012,-0.004,-0.008,0.013,0.038,0.081,0.069,0.042,0.027
0.016,-0.001,-0.017,-0.008,0.017,-0.009,0.036,0.054,0.09,0.06,0.036,0.023
-0.015,-0.025,-0.01,0.02,-0.002,-0.017,0.04,0.054,0.096,0.078,0.056,0.023
0.003,0.014,0.011,-0.009,-0.004,0.013,0.042,0.058,0.11,0.073,0.044,0.016
0.0,0.023,0.023,-0.012,-0.012,0.023,0.036,0.045,0.106,0.072,0.055,0.028
0.015,0.039,0.024,-0.027,-0.005,0.031,0.047,0.058,0.117,0.085,0.062,0.051
0.006,0.039,0.033,-0.023,-0.013,0.036,0.03,0.041,0.1,0.091,0.066,0.057
0.01,0.045,0.035,-0.028,-0.012,0.04,0.095,0.072,0.133,0.108,0.069,0.061
0.007,0.055,0.048,-0.031,-0.021,0.051,0.11,0.088,0.141,0.099,0.073,0.055
-0.005,0.032,0.037,-0.013,-0.022,0.034,0.024,0.11,0.162,0.15,0.109,0.06
0.021,0.06,0.039,-0.041,-0.009,0.049,0.018,0.083,0.12,0.088,0.065,0.067
0.006,0.05,0.044,-0.028,-0.019,0.047,0.035,0.111,0.201,0.266,0.175,0.076
0.058,0.126,0.068,-0.092,-0.005,0.097,0.009,0.007,-0.014,0.434,0.484,0.199
0.26,0.41,0.15,-0.336,0.055,0.28,-0.696,-1.333,-1.67,0.203,1.553,0.846
0.691,0.306,-0.385,-0.498,0.538,-0.04,-1.373,-2.091,-2.734,-0.865,1.518,1.245
0.676,0.139,-0.537,-0.407,0.606,-0.199,-1.281,-1.772,-2.527,-2.407,-0.444,0.676
0.147,0.094,-0.053,-0.12,0.1,0.02,-0.8,-1.403,-1.761,-1.881,-0.927,0.115
-0.029,-0.149,-0.119,0.089,0.045,-0.134,-0.132,-0.378,-0.382,-0.429,-0.34,-0.084
-0.031,-0.1,-0.069,0.065,0.019,-0.084,0.061,0.058,0.113,-0.003,-0.124,-0.067
-0.068,-0.051,0.017,0.06,-0.043,-0.016,0.058,0.027,0.126,0.096,-0.028,-0.042
-0.078,-0.083,-0.004,0.08,-0.037,-0.043,0.103,0.118,0.21,0.092,-0.075,-0.085
-0.091,-0.057,0.034,0.074,-0.062,-0.011,0.079,0.093,0.181,0.118,-0.049,-0.075
-0.069,-0.061,0.009,0.065,-0.039,-0.026,0.109,0.122,0.222,0.126,-0.061,-0.083
-0.073,-0.046,0.028,0.06,-0.05,-0.009,0.109,0.113,0.23,0.136,-0.053,-0.079
-0.075,-0.059,0.016,0.067,-0.045,-0.021,0.134,0.16,0.276,0.155,-0.048,-0.08
-0.051,-0.029,0.022,0.039,-0.036,-0.003,0.142,0.166,0.288,0.136,-0.052,-0.08
-0.081,-0.053,0.028,0.067,-0.054,-0.012,0.152,0.176,0.311,0.153,-0.063,-0.094
-0.111,-0.068,0.043,0.089,-0.077,-0.012,0.167,0.199,0.338,0.169,-0.084,-0.102
-0.101,-0.049,0.051,0.074,-0.076,0.001,0.171,0.212,0.348,0.17,-0.112,-0.129
-0.122,-0.042,0.079,0.082,-0.1,0.018,0.207,0.268,0.408,0.171,-0.14,-0.156
-0.136,-0.028,0.109,0.082,-0.122,0.04,0.292,0.316,0.452,0.175,-0.182,-0.166
-0.128,-0.018,0.11,0.073,-0.119,0.046,0.307,0.38,0.515,0.175,-0.23,-0.193
-0.124,-0.013,0.111,0.068,-0.117,0.049,0.248,0.439,0.583,0.178,-0.241,-0.202
-0.111,-0.008,0.102,0.059,-0.106,0.046,0.252,0.433,0.574,0.185,-0.254,-0.196
-0.105,-0.004,0.1,0.054,-0.102,0.048,0.259,0.424,0.574,0.212,-0.214,-0.183
-0.124,-0.029,0.095,0.076,-0.109,0.033,0.231,0.374,0.517,0.221,-0.151,-0.153
-0.081,0.01,0.091,0.035,-0.086,0.05,0.185,0.293,0.425,0.21,-0.085,-0.09
-0.028,0.052,0.079,-0.012,-0.054,0.065,0.134,0.231,0.35,0.198,-0.022,-0.043
-0.018,0.038,0.057,-0.01,-0.038,0.047,0.086,0.162,0.258,0.167,0.014,-0.016
-0.01,0.035,0.046,-0.013,-0.028,0.04,0.046,0.114,0.186,0.129,0.028,0.011
-0.011,0.027,0.038,-0.008,-0.025,0.033,0.032,0.074,0.138,0.098,0.034,0.027
-0.01,0.021,0.031,-0.006,-0.02,0.026,0.028,0.054,0.12,0.083,0.054,0.044
-0.01,0.015,0.024,-0.003,-0.017,0.019,0.023,0.056,0.094,0.076,0.052,0.041
0.01,0.027,0.017,-0.019,-0.004,0.022,0.016,0.054,0.087,0.072,0.046,0.035
0.02,0.031,0.011,-0.026,0.005,0.021,0.011,0.056,0.093,0.068,0.043,0.03
0.025,0.029,0.004,-0.027,0.01,0.016,0.013,0.055,0.087,0.064,0.038,0.023
0.022,0.022,0.0,-0.022,0.01,0.011,0.026,0.054,0.092,0.06,0.035,0.021
0.016,0.023,0.008,-0.02,0.004,0.016,0.033,0.067,0.093,0.062,0.035,0.025
-0.001,0.011,0.013,-0.005,-0.007,0.012,0.028,0.073,0.122,0.071,0.036,0.03
-0.036,-0.019,0.016,0.027,-0.026,-0.002,0.034,0.081,0.135,0.076,0.036,0.025
-0.005,0.022,0.026,-0.009,-0.015,0.024,0.047,0.091,0.133,0.121,0.078,0.018
0.036,0.061,0.025,-0.049,0.006,0.043,0.047,0.1,0.144,0.114,0.061,0.012
0.02,0.059,0.039,-0.04,-0.009,0.049,0.039,0.098,0.139,0.121,0.088,0.044
-0.001,0.033,0.035,-0.016,-0.018,0.034,0.114,0.14,0.178,0.14,0.093,0.055
0.013,0.066,0.053,-0.04,-0.02,0.059,0.084,0.126,0.159,0.132,0.094,0.058
0.035,0.069,0.034,-0.052,0.0,0.051,0.045,0.147,0.199,0.156,0.103,0.063
0.013,0.046,0.034,-0.03,-0.011,0.04,0.041,0.112,0.153,0.111,0.078,0.062
0.012,0.033,0.021,-0.023,-0.005,0.026,0.021,0.16,0.248,0.308,0.187,0.072
0.064,0.133,0.069,-0.099,-0.003,0.1,-0.018,-0.017,-0.041,0.476,0.573,0.236
0.297,0.38,0.082,-0.339,0.108,0.231,-0.735,-1.344,-1.695,0.22,1.701,0.929
0.779,0.294,-0.485,-0.536,0.632,-0.096,-1.352,-2.036,-2.726,-1.176,1.211,1.17
0.654,0.174,-0.48,-0.414,0.567,-0.153,-1.216,-1.779,-2.539,-2.583,-0.763,0.521
0.053,-0.015,-0.069,-0.019,0.061,-0.042,-0.691,-1.264,-1.581,-1.667,-0.892,0.018
-0.057,-0.21,-0.153,0.134,0.048,-0.181,-0.086,-0.249,-0.259,-0.333,-0.312,-0.128
-0.04,-0.076,-0.036,0.058,-0.002,-0.056,0.05,0.056,0.094,0.0,-0.114,-0.076
-0.079,-0.075,0.005,0.077,-0.042,-0.035,0.058,0.048,0.132,0.077,-0.047,-0.061
-0.048,-0.046,0.002,0.047,-0.025,-0.022,0.086,0.117,0.196,0.076,-0.074,-0.059
-0.055,-0.032,0.023,0.043,-0.039,-0.005,0.09,0.104,0.197,0.121,-0.04,-0.055
-0.074,-0.091,-0.017,0.082,-0.028,-0.054,0.099,0.135,0.212,0.108,-0.066,-0.109
-0.064,-0.058,0.005,0.061,-0.034,-0.026,0.088,0.119,0.206,0.126,-0.048,-0.101
-0.063,-0.061,0.001,0.062,-0.032,-0.03,0.111,0.168,0.265,0.147,-0.058,-0.108
-0.072,-0.05,0.022,0.061,-0.047,-0.014,0.114,0.175,0.266,0.142,-0.058,-0.109
-0.058,-0.037,0.021,0.047,-0.039,-0.008,0.12,0.18,0.297,0.153,-0.06,-0.11
-0.109,-0.063,0.047,0.086,-0.078,-0.008,0.122,0.187,0.319,0.16,-0.087,-0.111
-0.123,-0.057,0.065,0.089,-0.094,0.004,0.165,0.226,0.348,0.16,-0.096,-0.107
-0.093,-0.022,0.071,0.057,-0.082,0.024,0.186,0.264,0.39,0.16,-0.138,-0.139
-0.121,-0.029,0.092,0.075,-0.106,0.031,0.248,0.289,0.415,0.159,-0.195,-0.175
-0.14,-0.046,0.094,0.093,-0.117,0.024,0.307,0.39,0.508,0.169,-0.198,-0.19
-0.133,-0.031,0.102,0.082,-0.117,0.035,0.26,0.462,0.595,0.212,-0.204,-0.198
-0.137,-0.023,0.114,0.079,-0.125,0.045,0.247,0.43,0.571,0.216,-0.211,-0.204
-0.125,-0.013,0.112,0.069,-0.119,0.049,0.25,0.391,0.535,0.235,-0.168,-0.177
-0.088,0.01,0.098,0.039,-0.093,0.053,0.223,0.355,0.496,0.254,-0.108,-0.128
-0.073,0.015,0.088,0.028,-0.081,0.052,0.171,0.284,0.396,0.209,-0.055,-0.092
-0.018,0.055,0.073,-0.019,-0.046,0.063,0.116,0.233,0.327,0.178,-0.008,-0.05
-0.038,0.015,0.053,0.011,-0.046,0.034,0.071,0.179,0.245,0.148,0.024,-0.014
-0.054,-0.01,0.044,0.032,-0.049,0.017,0.05,0.123,0.154,0.118,0.036,-0.01
0.0,0.037,0.036,-0.019,-0.018,0.037,0.054,0.083,0.119,0.098,0.044,-0.011
-0.05,-0.023,0.028,0.036,-0.039,0.002,0.042,0.056,0.083,0.078,0.039,-0.006
-0.03,-0.012,0.017,0.021,-0.023,0.002,0.033,0.055,0.064,0.061,0.03,-0.005
0.021,0.029,0.008,-0.026,0.006,0.018,0.023,0.055,0.066,0.047,0.026,-0.005
0.014,0.01,-0.004,-0.012,0.009,0.003,0.016,0.054,0.064,0.05,0.016,-0.011
0.013,-0.007,-0.02,-0.003,0.017,-0.013,0.012,0.056,0.066,0.05,0.017,-0.013
0.001,-0.036,-0.036,0.018,0.019,-0.036,0.003,0.052,0.064,0.05,0.029,-0.009
-0.002,-0.032,-0.031,0.017,0.015,-0.031,0.025,0.064,0.067,0.07,0.035,-0.011
-0.009,-0.022,-0.013,0.016,0.002,-0.017,0.04,0.072,0.073,0.084,0.049,-0.005
-0.01,-0.015,-0.005,0.012,-0.002,-0.01,0.042,0.079,0.084,0.077,0.041,-0.006
-0.012,-0.002,0.01,0.007,-0.011,0.004,0.034,0.071,0.076,0.082,0.05,-0.003
-0.015,-0.005,0.009,0.009,-0.012,0.002,0.035,0.076,0.083,0.079,0.041,0.0
-0.009,0.028,0.036,-0.01,-0.023,0.032,0.048,0.075,0.089,0.09,0.06,0.007
-0.004,0.038,0.043,-0.017,-0.024,0.04,0.098,0.087,0.105,0.105,0.089,0.013
0.003,0.049,0.046,-0.027,-0.022,0.047,0.098,0.1,0.116,0.093,0.067,0.019
0.01,0.057,0.047,-0.034,-0.018,0.052,0.022,0.132,0.151,0.148,0.099,0.051
0.021,0.06,0.039,-0.041,-0.009,0.049,0.016,0.153,0.126,0.084,0.053,0.044
0.001,0.056,0.055,-0.029,-0.027,0.055,0.018,0.129,0.162,0.218,0.141,0.055
0.021,0.065,0.045,-0.043,-0.012,0.055,0.045,0.107,0.121,0.452,0.379,0.139
0.198,0.348,0.151,-0.273,0.023,0.249,-0.512,-1.012,-1.283,0.344,1.403,0.704
0.589,0.328,-0.262,-0.458,0.425,0.033,-1.298,-2.063,-2.657,-0.643,1.683,1.22
0.683,0.158,-0.525,-0.42,0.604,-0.183,-1.315,-1.867,-2.653,-2.325,-0.252,0.758
0.201,0.088,-0.113,-0.145,0.157,-0.013,-0.873,-1.487,-1.94,-2.1,-1.054,0.136
-0.049,-0.183,-0.134,0.116,0.043,-0.158,-0.238,-0.528,-0.59,-0.603,-0.453,-0.127
-0.019,-0.107,-0.088,0.063,0.035,-0.097,0.05,0.062,0.075,-0.041,-0.176,-0.128
-0.056,-0.047,0.008,0.052,-0.032,-0.019,0.04,0.034,0.095,0.073,-0.071,-0.078
-0.044,-0.079,-0.036,0.062,-0.004,-0.057,0.077,0.117,0.177,0.083,-0.102,-0.121
-0.07,-0.052,0.018,0.061,-0.043,-0.017,0.053,0.082,0.144,0.111,-0.071,-0.115
-0.105,-0.103,0.002,0.104,-0.054,-0.05,0.073,0.123,0.167,0.124,-0.078,-0.151
-0.072,-0.06,0.012,0.066,-0.042,-0.024,0.094,0.142,0.199,0.125,-0.071,-0.153
-0.08,-0.074,0.006,0.076,-0.042,-0.034,0.11,0.16,0.246,0.146,-0.059,-0.143
-0.113,-0.084,0.028,0.098,-0.07,-0.028,0.11,0.161,0.264,0.136,-0.067,-0.152
-0.105,-0.073,0.032,0.089,-0.068,-0.021,0.122,0.175,0.291,0.142,-0.083,-0.149
-0.101,-0.067,0.033,0.083,-0.067,-0.017,0.146,0.211,0.317,0.133,-0.104,-0.151
-0.106,-0.071,0.035,0.088,-0.071,-0.017,0.165,0.224,0.333,0.135,-0.122,-0.152
-0.13,-0.071,0.059,0.1,-0.095,-0.006,0.198,0.265,0.373,0.135,-0.167,-0.186
-0.155,-0.054,0.101,0.104,-0.128,0.023,0.281,0.311,0.411,0.134,-0.21,-0.215
-0.149,-0.054,0.096,0.101,-0.123,0.021,0.319,0.378,0.48,0.136,-0.247,-0.233
-0.136,-0.042,0.094,0.088,-0.115,0.026,0.285,0.432,0.547,0.145,-0.28,-0.254
-0.152,-0.062,0.09,0.107,-0.121,0.014,0.286,0.437,0.551,0.159,-0.292,-0.263
-0.149,-0.039,0.11,0.094,-0.129,0.035,0.269,0.419,0.543,0.185,-0.257,-0.249
-0.143,-0.032,0.11,0.087,-0.126,0.039,0.241,0.385,0.507,0.197,-0.203,-0.218
-0.143,-0.053,0.09,0.098,-0.116,0.018,0.193,0.311,0.41,0.187,-0.135,-0.157
-0.095,-0.003,0.092,0.049,-0.093,0.044,0.139,0.233,0.318,0.179,-0.077,-0.097
-0.054,0.014,0.067,0.02,-0.061,0.04,0.101,0.188,0.243,0.156,-0.027,-0.056
-0.028,0.01,0.038,0.009,-0.033,0.024,0.058,0.151,0.182,0.128,0.011,-0.026
0.007,0.035,0.028,-0.021,-0.011,0.031,0.036,0.104,0.134,0.103,0.005,-0.033
0.025,0.039,0.014,-0.032,0.005,0.026,0.031,0.073,0.089,0.085,-0.001,-0.032
0.013,0.012,0.0,-0.012,0.006,0.006,0.027,0.056,0.056,0.072,-0.007,-0.024
-0.01,-0.022,-0.012,0.016,0.002,-0.017,0.022,0.038,0.04,0.068,-0.015,-0.021
-0.039,-0.062,-0.023,0.051,-0.008,-0.042,0.018,0.04,0.04,0.071,-0.018,-0.02
0.008,-0.025,-0.033,0.009,0.02,-0.029,0.016,0.043,0.028,0.069,-0.016,-0.019
0.046,0.011,-0.035,-0.028,0.04,-0.011,0.04,0.051,0.044,0.071,0.003,-0.014
0.023,-0.013,-0.036,-0.005,0.03,-0.024,0.06,0.082,0.087,0.069,0.011,-0.017
0.016,-0.017,-0.033,0.001,0.025,-0.025,0.058,0.075,0.08,0.072,0.038,-0.005
-0.013,-0.051,-0.038,0.032,0.013,-0.044,0.067,0.092,0.096,0.084,0.052,-0.016
0.007,-0.022,-0.029,0.008,0.019,-0.025,0.062,0.112,0.111,0.114,0.057,-0.019
0.024,0.009,-0.015,-0.016,0.019,-0.003,0.076,0.123,0.127,0.119,0.055,-0.001
0.001,0.009,0.008,-0.005,-0.003,0.008,0.062,0.121,0.121,0.108,0.055,0.011
0.013,0.035,0.021,-0.024,-0.004,0.028,0.098,0.126,0.125,0.14,0.078,0.022
0.015,0.038,0.023,-0.027,-0.004,0.03,0.111,0.141,0.15,0.118,0.051,0.019
0.027,0.045,0.018,-0.036,0.004,0.031,0.029,0.126,0.172,0.177,0.108,0.037
0.046,0.033,-0.013,-0.039,0.03,0.01,0.038,0.132,0.182,0.115,0.069,0.012
0.026,0.047,0.021,-0.037,0.002,0.034,0.017,0.107,0.168,0.186,0.127,0.022
0.023,0.037,0.014,-0.031,0.004,0.025,0.071,0.196,0.241,0.457,0.304,0.088
0.138,0.256,0.119,-0.197,0.009,0.187,-0.361,-0.666,-0.868,0.448,1.225,0.584
0.562,0.373,-0.189,-0.467,0.375,0.092,-1.156,-1.811,-2.356,-0.292,1.863,1.201
0.701,0.136,-0.565,-0.418,0.632,-0.214,-1.284,-1.782,-2.583,-2.098,0.057,0.849
0.213,0.028,-0.185,-0.12,0.199,-0.079,-0.912,-1.47,-2.035,-2.293,-1.102,0.161
-0.041,-0.151,-0.11,0.096,0.035,-0.131,-0.279,-0.623,-0.719,-0.74,-0.518,-0.121
-0.028,-0.152,-0.123,0.09,0.047,-0.137,0.055,0.049,0.068,-0.073,-0.189,-0.111
-0.069,-0.067,0.003,0.068,-0.036,-0.032,0.051,0.053,0.099,0.046,-0.053,-0.064
-0.051,-0.089,-0.038,0.071,-0.006,-0.063,0.087,0.119,0.184,0.082,-0.07,-0.094
-0.044,-0.043,0.001,0.044,-0.022,-0.02,0.094,0.113,0.171,0.098,-0.063,-0.079
-0.085,-0.101,-0.017,0.093,-0.034,-0.059,0.111,0.124,0.193,0.11,-0.068,-0.099
-0.106,-0.106,-0.001,0.106,-0.052,-0.053,0.106,0.117,0.186,0.106,-0.075,-0.1
-0.1,-0.099,0.001,0.099,-0.05,-0.048,0.116,0.149,0.226,0.134,-0.063,-0.099
-0.052,-0.073,-0.02,0.063,-0.016,-0.046,0.115,0.163,0.246,0.134,-0.077,-0.105
-0.046,-0.055,-0.01,0.051,-0.018,-0.032,0.131,0.175,0.259,0.168,-0.063,-0.104
-0.107,-0.109,-0.002,0.108,-0.052,-0.055,0.144,0.207,0.308,0.164,-0.074,-0.106
-0.139,-0.121,0.018,0.13,-0.078,-0.051,0.152,0.208,0.311,0.166,-0.096,-0.114
-0.137,-0.113,0.024,0.125,-0.081,-0.044,0.163,0.229,0.33,0.172,-0.15,-0.158
-0.117,-0.069,0.048,0.093,-0.082,-0.01,0.238,0.273,0.384,0.168,-0.19,-0.189
-0.145,-0.05,0.095,0.098,-0.119,0.022,0.322,0.369,0.472,0.176,-0.202,-0.189
-0.157,-0.054,0.102,0.106,-0.129,0.024,0.268,0.426,0.542,0.192,-0.23,-0.199
-0.151,-0.043,0.108,0.097,-0.129,0.033,0.238,0.43,0.549,0.187,-0.252,-0.223
-0.149,-0.04,0.109,0.095,-0.129,0.034,0.244,0.427,0.554,0.198,-0.225,-0.201
-0.125,-0.033,0.092,0.079,-0.108,0.029,0.223,0.391,0.521,0.234,-0.188,-0.179
-0.092,-0.007,0.085,0.049,-0.089,0.038,0.188,0.319,0.426,0.212,-0.128,-0.143
-0.036,0.031,0.067,0.003,-0.052,0.049,0.144,0.259,0.345,0.192,-0.041,-0.085
0.009,0.046,0.036,-0.028,-0.014,0.041,0.105,0.211,0.273,0.179,-0.004,-0.055
-0.012,0.006,0.018,0.003,-0.015,0.012,0.069,0.155,0.201,0.141,0.017,-0.015
-0.02,-0.001,0.019,0.01,-0.019,0.009,0.047,0.114,0.145,0.107,0.032,-0.003
0.017,0.03,0.013,-0.024,0.002,0.021,0.036,0.092,0.106,0.078,0.026,-0.009
-0.003,0.009,0.012,-0.003,-0.008,0.01,0.034,0.067,0.074,0.062,0.022,-0.01
0.011,0.014,0.003,-0.013,0.004,0.009,0.031,0.059,0.06,0.049,0.014,-0.015
0.019,-0.009,-0.029,-0.005,0.024,-0.019,0.027,0.06,0.06,0.049,0.012,-0.015
-0.009,-0.047,-0.038,0.028,0.015,-0.042,0.025,0.061,0.06,0.051,0.008,-0.015
0.011,-0.021,-0.032,0.006,0.021,-0.026,0.027,0.063,0.059,0.049,0.014,-0.015
0.024,-0.008,-0.032,-0.008,0.029,-0.02,0.031,0.066,0.061,0.051,0.02,-0.015
0.006,-0.02,-0.025,0.007,0.016,-0.022,0.029,0.063,0.06,0.047,0.028,-0.01
0.011,-0.016,-0.027,0.003,0.019,-0.021,0.026,0.058,0.072,0.06,0.035,-0.007
0.019,-0.006,-0.025,-0.006,0.022,-0.015,0.024,0.057,0.068,0.063,0.038,0.011
0.003,-0.031,-0.033,0.014,0.018,-0.032,0.017,0.043,0.051,0.068,0.053,0.016
0.024,0.014,-0.009,-0.019,0.017,0.003,0.033,0.074,0.08,0.077,0.046,0.019
0.055,0.076,0.021,-0.066,0.017,0.048,0.086,0.088,0.099,0.118,0.079,0.04
0.044,0.073,0.029,-0.059,0.007,0.05,0.091,0.1,0.118,0.109,0.048,0.014
0.028,0.083,0.055,-0.056,-0.013,0.069,0.021,0.112,0.139,0.133,0.094,0.049
0.051,0.051,0.001,-0.051,0.024,0.026,0.026,0.123,0.168,0.12,0.074,0.062
0.03,0.042,0.013,-0.037,0.008,0.027,-0.006,0.056,0.112,0.096,0.063,0.053
0.023,0.012,-0.012,-0.017,0.017,0.0,0.061,0.178,0.243,0.358,0.214,0.075
0.091,0.207,0.117,-0.149,-0.013,0.162,-0.173,-0.338,-0.48,0.414,0.818,0.37
0.386,0.429,0.043,-0.407,0.171,0.235,-1.018,-1.675,-2.127,0.055,1.938,1.111
0.728,0.226,-0.502,-0.476,0.614,-0.138,-1.348,-1.866,-2.587,-1.407,0.905,1.116
0.426,0.129,-0.297,-0.277,0.361,-0.084,-1.092,-1.589,-2.266,-2.464,-0.944,0.392
-0.021,-0.069,-0.049,0.045,0.014,-0.059,-0.503,-0.986,-1.217,-1.272,-0.76,-0.044
-0.042,-0.187,-0.145,0.115,0.052,-0.166,0.0,-0.061,-0.076,-0.182,-0.26,-0.159
-0.057,-0.063,-0.006,0.06,-0.026,-0.034,0.029,0.052,0.075,0.019,-0.112,-0.121
-0.069,-0.079,-0.01,0.074,-0.029,-0.044,0.075,0.089,0.145,0.078,-0.103,-0.132
-0.031,-0.035,-0.004,0.033,-0.013,-0.02,0.08,0.101,0.147,0.052,-0.117,-0.131
-0.044,-0.062,-0.018,0.054,-0.013,-0.04,0.076,0.099,0.147,0.074,-0.087,-0.128
-0.069,-0.095,-0.026,0.082,-0.022,-0.06,0.101,0.146,0.186,0.091,-0.104,-0.136
-0.105,-0.11,-0.005,0.108,-0.05,-0.057,0.12,0.143,0.196,0.131,-0.086,-0.14
-0.087,-0.095,-0.007,0.091,-0.039,-0.051,0.132,0.17,0.236,0.12,-0.111,-0.132
-0.059,-0.049,0.009,0.054,-0.033,-0.02,0.128,0.166,0.256,0.117,-0.086,-0.106
-0.073,-0.051,0.022,0.062,-0.048,-0.015,0.137,0.183,0.279,0.118,-0.096,-0.142
-0.087,-0.059,0.028,0.072,-0.057,-0.015,0.143,0.194,0.278,0.105,-0.136,-0.153
-0.109,-0.084,0.025,0.096,-0.066,-0.03,0.185,0.242,0.326,0.124,-0.16,-0.169
-0.12,-0.06,0.06,0.089,-0.09,0.0,0.266,0.293,0.379,0.15,-0.212,-0.21
-0.137,-0.046,0.09,0.091,-0.113,0.021,0.304,0.348,0.443,0.15,-0.236,-0.21
-0.146,-0.046,0.1,0.096,-0.123,0.027,0.266,0.415,0.514,0.15,-0.258,-0.225
-0.132,-0.038,0.094,0.084,-0.113,0.028,0.254,0.428,0.531,0.15,-0.305,-0.268
-0.128,-0.037,0.091,0.082,-0.109,0.027,0.252,0.419,0.532,0.153,-0.303,-0.267
-0.111,-0.029,0.082,0.069,-0.097,0.026,0.253,0.395,0.503,0.178,-0.258,-0.238
-0.126,-0.032,0.094,0.079,-0.11,0.031,0.222,0.327,0.424,0.178,-0.187,-0.188
-0.116,-0.027,0.09,0.071,-0.103,0.031,0.154,0.272,0.351,0.164,-0.107,-0.125
-0.077,-0.02,0.057,0.049,-0.067,0.018,0.115,0.209,0.275,0.157,-0.047,-0.087
-0.033,0.015,0.048,0.009,-0.041,0.031,0.083,0.143,0.196,0.135,-0.016,-0.044
0.017,0.045,0.028,-0.031,-0.006,0.036,0.052,0.107,0.137,0.105,-0.002,-0.016
0.017,0.031,0.014,-0.024,0.001,0.022,0.027,0.071,0.086,0.081,0.016,-0.03
0.013,0.02,0.007,-0.017,0.002,0.013,0.024,0.052,0.047,0.067,0.022,-0.046
0.011,0.007,-0.004,-0.008,0.007,0.001,0.026,0.049,0.032,0.053,0.019,-0.043
0.008,-0.002,-0.01,-0.003,0.009,-0.006,0.024,0.05,0.031,0.047,0.02,-0.032
-0.01,-0.034,-0.024,0.022,0.007,-0.029,0.026,0.05,0.023,0.032,0.013,-0.023
-0.021,-0.059,-0.039,0.04,0.009,-0.049,0.024,0.05,0.033,0.031,0.017,-0.012
-0.009,-0.043,-0.035,0.026,0.013,-0.039,0.03,0.078,0.069,0.057,0.011,-0.01
-0.009,-0.027,-0.018,0.018,0.005,-0.023,0.028,0.079,0.069,0.065,-0.001,-0.01
0.013,0.001,-0.012,-0.007,0.012,-0.005,0.026,0.08,0.086,0.077,0.018,-0.007
0.041,0.028,-0.013,-0.034,0.027,0.007,0.023,0.073,0.085,0.082,0.033,-0.004
0.033,-0.003,-0.036,-0.015,0.035,-0.02,0.017,0.061,0.08,0.091,0.027,-0.005
0.031,0.008,-0.024,-0.019,0.028,-0.008,0.035,0.091,0.103,0.088,0.033,-0.011
-0.006,0.012,0.018,-0.003,-0.013,0.015,0.083,0.124,0.121,0.137,0.059,-0.008
-0.01,0.022,0.032,-0.006,-0.021,0.027,0.085,0.147,0.151,0.135,0.046,-0.007
0.028,0.069,0.042,-0.049,-0.007,0.055,0.026,0.143,0.164,0.175,0.113,0.029
0.026,0.035,0.009,-0.031,0.009,0.021,0.047,0.173,0.155,0.139,0.068,0.028
0.045,0.066,0.021,-0.056,0.012,0.043,0.021,0.11,0.114,0.147,0.091,0.03
0.036,0.035,-0.002,-0.036,0.019,0.016,0.068,0.216,0.267,0.421,0.25,0.061
0.128,0.261,0.133,-0.195,-0.002,0.197,-0.249,-0.436,-0.609,0.449,1.036,0.476
0.48,0.429,-0.05,-0.455,0.265,0.189,-1.072,-1.64,-2.137,-0.012,1.984,1.182
0.742,0.244,-0.498,-0.493,0.62,-0.127,-1.314,-1.687,-2.474,-1.673,0.496,0.986
0.356,0.154,-0.203,-0.255,0.279,-0.025,-0.965,-1.432,-2.076,-2.358,-1.061,0.259
-0.058,-0.142,-0.083,0.1,0.013,-0.113,-0.354,-0.722,-0.891,-0.931,-0.614,-0.083
-0.03,-0.172,-0.142,0.101,0.057,-0.157,0.037,0.038,0.026,-0.104,-0.216,-0.129
-0.049,-0.051,-0.002,0.05,-0.023,-0.027,0.056,0.057,0.089,0.035,-0.083,-0.078
-0.074,-0.098,-0.025,0.086,-0.024,-0.061,0.092,0.113,0.165,0.085,-0.069,-0.1
-0.081,-0.069,0.012,0.075,-0.047,-0.028,0.081,0.101,0.146,0.072,-0.069,-0.099
-0.083,-0.083,0.0,0.083,-0.041,-0.041,0.094,0.114,0.165,0.105,-0.048,-0.103
-0.084,-0.089,-0.005,0.087,-0.04,-0.047,0.101,0.135,0.183,0.105,-0.065,-0.118
-0.09,-0.099,-0.009,0.094,-0.04,-0.053,0.1,0.127,0.214,0.129,-0.038,-0.119
-0.066,-0.078,-0.012,0.072,-0.027,-0.045,0.119,0.155,0.245,0.128,-0.055,-0.127
-0.047,-0.048,-0.001,0.048,-0.023,-0.024,0.129,0.161,0.256,0.145,-0.073,-0.126
-0.04,-0.042,-0.001,0.041,-0.019,-0.021,0.131,0.186,0.281,0.137,-0.084,-0.13
-0.081,-0.076,0.005,0.078,-0.042,-0.035,0.135,0.194,0.28,0.125,-0.12,-0.15
-0.082,-0.059,0.023,0.07,-0.052,-0.018,0.169,0.226,0.34,0.14,-0.154,-0.179
-0.101,-0.031,0.069,0.066,-0.085,0.019,0.258,0.293,0.41,0.163,-0.165,-0.182
-0.13,-0.045,0.085,0.088,-0.107,0.02,0.303,0.35,0.474,0.172,-0.203,-0.192
-0.127,-0.037,0.09,0.082,-0.109,0.027,0.25,0.41,0.544,0.188,-0.234,-0.222
-0.132,-0.042,0.091,0.087,-0.112,0.024,0.241,0.42,0.552,0.19,-0.259,-0.228
-0.129,-0.04,0.089,0.084,-0.109,0.025,0.257,0.399,0.545,0.209,-0.244,-0.213
-0.13,-0.044,0.086,0.087,-0.108,0.021,0.234,0.382,0.516,0.238,-0.193,-0.197
-0.103,-0.018,0.085,0.06,-0.094,0.033,0.192,0.317,0.433,0.227,-0.131,-0.155
-0.054,0.029,0.083,0.012,-0.069,0.056,0.155,0.257,0.358,0.209,-0.066,-0.107
-0.053,0.007,0.06,0.023,-0.057,0.034,0.121,0.193,0.27,0.181,-0.036,-0.079
-0.048,-0.011,0.037,0.029,-0.042,0.012,0.084,0.132,0.198,0.148,0.001,-0.04
0.012,0.03,0.018,-0.021,-0.004,0.024,0.051,0.108,0.157,0.117,0.027,-0.01
0.016,0.02,0.004,-0.018,0.006,0.012,0.034,0.07,0.115,0.092,0.023,-0.016
-0.004,-0.008,-0.004,0.007,0.0,-0.006,0.033,0.045,0.085,0.076,0.02,-0.024
0.009,-0.003,-0.012,-0.003,0.011,-0.007,0.028,0.047,0.069,0.06,0.017,-0.03
-0.008,-0.031,-0.023,0.02,0.007,-0.027,0.025,0.043,0.07,0.047,0.012,-0.03
-0.02,-0.049,-0.029,0.035,0.005,-0.039,0.019,0.043,0.07,0.042,0.01,-0.031
0.002,-0.042,-0.044,0.02,0.024,-0.043,0.023,0.036,0.069,0.05,0.034,-0.035
0.002,-0.048,-0.05,0.023,0.027,-0.049,0.028,0.049,0.071,0.052,0.041,-0.035
-0.009,-0.039,-0.03,0.024,0.01,-0.034,0.032,0.064,0.069,0.057,0.039,-0.033
-0.01,-0.035,-0.025,0.023,0.008,-0.03,0.044,0.068,0.083,0.073,0.042,-0.022
0.01,-0.001,-0.011,-0.004,0.01,-0.006,0.043,0.063,0.082,0.077,0.047,-0.014
0.028,0.023,-0.006,-0.025,0.016,0.008,0.036,0.064,0.072,0.115,0.059,-0.001
-0.007,-0.008,-0.001,0.008,-0.003,-0.005,0.034,0.07,0.072,0.106,0.036,0.001
-0.034,-0.004,0.03,0.019,-0.032,0.013,0.068,0.059,0.083,0.125,0.081,0.019
-0.019,0.006,0.026,0.007,-0.023,0.016,0.084,0.105,0.123,0.114,0.077,0.023
0.021,0.055,0.034,-0.038,-0.007,0.044,0.01,0.104,0.151,0.134,0.104,0.037
0.042,0.043,0.001,-0.042,0.02,0.022,0.015,0.133,0.166,0.136,0.076,0.011
0.016,0.018,0.002,-0.017,0.007,0.01,0.019,0.072,0.096,0.1,0.068,0.001
0.019,-0.001,-0.021,-0.009,0.02,-0.011,0.079,0.18,0.243,0.36,0.22,0.048
0.075,0.187,0.113,-0.131,-0.019,0.15,-0.195,-0.39,-0.562,0.369,0.821,0.356
0.393,0.433,0.041,-0.413,0.175,0.237,-1.038,-1.728,-2.209,0.019,1.931,1.104
0.748,0.262,-0.487,-0.505,0.617,-0.112,-1.357,-1.805,-2.544,-1.346,0.944,1.126
0.437,0.149,-0.288,-0.293,0.362,-0.069,-1.089,-1.553,-2.214,-2.404,-0.866,0.421
-0.02,-0.092,-0.072,0.056,0.026,-0.081,-0.497,-0.972,-1.183,-1.238,-0.711,-0.01
-0.063,-0.234,-0.171,0.149,0.054,-0.202,0.017,-0.052,-0.055,-0.171,-0.244,-0.132
-0.069,-0.088,-0.019,0.078,-0.025,-0.053,0.059,0.037,0.083,0.028,-0.093,-0.082
-0.078,-0.127,-0.05,0.102,-0.013,-0.088,0.091,0.093,0.163,0.096,-0.077,-0.093
-0.075,-0.111,-0.036,0.093,-0.019,-0.073,0.081,0.101,0.169,0.068,-0.087,-0.098
-0.082,-0.114,-0.031,0.099,-0.025,-0.073,0.088,0.105,0.175,0.11,-0.055,-0.095
-0.079,-0.12,-0.04,0.1,-0.019,-0.08,0.122,0.145,0.202,0.108,-0.081,-0.111
-0.084,-0.107,-0.022,0.096,-0.031,-0.064,0.114,0.138,0.209,0.13,-0.062,-0.125
-0.076,-0.109,-0.032,0.093,-0.022,-0.07,0.158,0.18,0.27,0.129,-0.075,-0.141
-0.074,-0.087,-0.014,0.081,-0.03,-0.05,0.168,0.174,0.281,0.135,-0.069,-0.131
-0.099,-0.098,0.001,0.099,-0.05,-0.048,0.174,0.185,0.299,0.136,-0.089,-0.136
-0.106,-0.094,0.012,0.1,-0.059,-0.04,0.174,0.186,0.3,0.133,-0.121,-0.145
-0.106,-0.101,0.004,0.104,-0.055,-0.048,0.188,0.232,0.341,0.137,-0.145,-0.163
-0.14,-0.093,0.047,0.117,-0.094,-0.023,0.285,0.295,0.408,0.134,-0.182,-0.189
-0.118,-0.037,0.081,0.077,-0.099,0.022,0.309,0.343,0.47,0.141,-0.221,-0.218
-0.127,-0.049,0.078,0.088,-0.102,0.015,0.278,0.401,0.523,0.148,-0.271,-0.245
-0.138,-0.057,0.081,0.098,-0.11,0.012,0.289,0.41,0.532,0.153,-0.304,-0.259
-0.112,-0.033,0.079,0.072,-0.095,0.022,0.285,0.408,0.536,0.163,-0.281,-0.251
-0.13,-0.048,0.082,0.089,-0.106,0.017,0.266,0.377,0.508,0.183,-0.25,-0.238
-0.111,-0.015,0.096,0.063,-0.104,0.04,0.226,0.302,0.442,0.177,-0.182,-0.188
-0.074,0.01,0.084,0.032,-0.079,0.047,0.18,0.252,0.369,0.165,-0.094,-0.122
-0.045,0.017,0.062,0.014,-0.054,0.039,0.14,0.192,0.275,0.154,-0.047,-0.08
-0.036,0.012,0.048,0.012,-0.042,0.029,0.096,0.14,0.201,0.132,-0.004,-0.047
-0.025,0.006,0.03,0.009,-0.028,0.018,0.056,0.095,0.148,0.108,0.02,-0.029
-0.006,0.009,0.015,-0.002,-0.011,0.012,0.043,0.06,0.11,0.078,0.023,-0.025
-0.011,-0.01,0.001,0.01,-0.006,-0.004,0.04,0.055,0.081,0.066,0.02,-0.025
-0.011,-0.014,-0.003,0.013,-0.004,-0.009,0.034,0.055,0.057,0.06,0.015,-0.025
-0.017,-0.034,-0.018,0.026,0.001,-0.026,0.03,0.054,0.061,0.052,0.014,-0.025
-0.009,-0.045,-0.036,0.027,0.014,-0.041,0.025,0.056,0.059,0.044,0.007,-0.026
-0.008,-0.035,-0.027,0.022,0.01,-0.031,0.025,0.054,0.06,0.036,0.006,-0.024
-0.016,-0.034,-0.018,0.025,0.002,-0.026,0.025,0.053,0.068,0.043,0.01,-0.026
-0.008,-0.015,-0.007,0.012,-0.001,-0.011,0.026,0.05,0.06,0.049,0.029,-0.024
0.01,0.017,0.006,-0.014,0.002,0.011,0.031,0.07,0.09,0.062,0.037,-0.025
-0.008,0.015,0.023,-0.004,-0.016,0.019,0.03,0.073,0.088,0.055,0.03,-0.025
-0.051,-0.032,0.019,0.042,-0.034,-0.007,0.027,0.07,0.091,0.06,0.026,-0.022
-0.036,-0.015,0.021,0.025,-0.028,0.003,0.054,0.094,0.125,0.089,0.032,-0.02
-0.038,0.005,0.043,0.016,-0.041,0.024,0.095,0.108,0.144,0.131,0.081,-0.007
0.019,0.053,0.034,-0.036,-0.008,0.043,0.081,0.145,0.178,0.126,0.059,-0.012
0.028,0.077,0.049,-0.052,-0.011,0.063,0.03,0.128,0.169,0.174,0.105,0.006
-0.05,-0.022,0.028,0.036,-0.039,0.003,0.049,0.121,0.156,0.152,0.068,-0.006
-0.04,0.014,0.054,0.013,-0.047,0.034,0.026,0.072,0.121,0.146,0.088,0.017
-0.02,0.006,0.026,0.007,-0.024,0.016,0.09,0.201,0.271,0.386,0.228,0.048
0.106,0.234,0.128,-0.17,-0.011,0.181,-0.221,-0.444,-0.615,0.422,0.911,0.386
0.461,0.439,-0.022,-0.45,0.242,0.208,-1.07,-1.721,-2.209,0.043,1.932,1.107
0.764,0.208,-0.556,-0.486,0.66,-0.173,-1.36,-1.763,-2.533,-1.526,0.68,1.023
0.406,0.119,-0.287,-0.262,0.346,-0.084,-1.065,-1.534,-2.189,-2.413,-0.949,0.328
-0.036,-0.107,-0.071,0.071,0.018,-0.089,-0.433,-0.876,-1.049,-1.083,-0.651,-0.084
-0.031,-0.192,-0.161,0.112,0.065,-0.176,0.032,-0.012,-0.006,-0.13,-0.248,-0.177
-0.052,-0.051,0.0,0.052,-0.026,-0.025,0.038,0.036,0.075,0.026,-0.099,-0.113
-0.068,-0.082,-0.014,0.075,-0.027,-0.048,0.065,0.091,0.155,0.075,-0.089,-0.13
-0.09,-0.085,0.006,0.088,-0.048,-0.039,0.071,0.089,0.151,0.063,-0.098,-0.124
-0.08,-0.08,0.0,0.08,-0.04,-0.04,0.093,0.102,0.169,0.107,-0.078,-0.123
-0.065,-0.072,-0.007,0.069,-0.028,-0.039,0.111,0.129,0.205,0.095,-0.094,-0.128
-0.083,-0.083,0.0,0.084,-0.041,-0.041,0.116,0.141,0.222,0.128,-0.073,-0.122
-0.065,-0.076,-0.011,0.071,-0.027,-0.043,0.13,0.176,0.245,0.13,-0.085,-0.133
-0.077,-0.066,0.011,0.072,-0.044,-0.028,0.122,0.159,0.25,0.129,-0.082,-0.139
-0.083,-0.056,0.027,0.069,-0.055,-0.014,0.131,0.18,0.273,0.135,-0.109,-0.153
-0.108,-0.063,0.045,0.086,-0.076,-0.009,0.135,0.18,0.276,0.134,-0.134,-0.148
-0.122,-0.087,0.036,0.104,-0.079,-0.025,0.169,0.224,0.328,0.135,-0.145,-0.157
-0.123,-0.06,0.062,0.091,-0.092,0.001,0.261,0.289,0.394,0.151,-0.172,-0.183
-0.143,-0.045,0.099,0.094,-0.121,0.027,0.281,0.343,0.458,0.162,-0.204,-0.202
-0.125,-0.02,0.105,0.072,-0.115,0.042,0.237,0.403,0.51,0.165,-0.232,-0.211
-0.122,-0.016,0.105,0.069,-0.113,0.044,0.235,0.414,0.51,0.171,-0.254,-0.21
-0.133,-0.029,0.105,0.08,-0.119,0.038,0.235,0.408,0.496,0.185,-0.24,-0.2
-0.125,-0.02,0.105,0.072,-0.114,0.042,0.235,0.378,0.491,0.203,-0.194,-0.188
-0.118,-0.012,0.106,0.064,-0.112,0.047,0.202,0.305,0.431,0.191,-0.143,-0.162
-0.083,0.011,0.094,0.036,-0.089,0.052,0.142,0.252,0.348,0.177,-0.09,-0.119
-0.041,0.031,0.072,0.005,-0.057,0.051,0.097,0.203,0.278,0.163,-0.04,-0.071
-0.008,0.044,0.053,-0.018,-0.031,0.048,0.071,0.156,0.211,0.143,-0.001,-0.029
0.007,0.047,0.04,-0.027,-0.017,0.044,0.054,0.107,0.158,0.115,0.005,-0.014
-0.025,0.012,0.037,0.006,-0.031,0.024,0.033,0.073,0.111,0.087,-0.003,-0.016
-0.04,-0.008,0.032,0.024,-0.036,0.012,0.03,0.063,0.071,0.069,-0.008,-0.015
-0.006,0.022,0.028,-0.008,-0.018,0.025,0.03,0.05,0.055,0.056,-0.016,-0.015
-0.05,-0.024,0.026,0.036,-0.038,0.001,0.026,0.044,0.055,0.06,-0.022,-0.015
-0.053,-0.031,0.022,0.042,-0.038,-0.005,0.025,0.046,0.053,0.059,-0.024,-0.013
-0.002,0.019,0.021,-0.009,-0.012,0.02,0.024,0.051,0.046,0.061,-0.011,-0.007
-0.012,0.003,0.015,0.004,-0.013,0.009,0.026,0.059,0.063,0.06,-0.004,-0.003
0.028,0.044,0.016,-0.037,0.006,0.03,0.031,0.049,0.082,0.06,0.008,0.002
0.01,0.026,0.017,-0.018,-0.004,0.021,0.028,0.052,0.087,0.07,0.023,0.007
-0.008,0.017,0.025,-0.005,-0.017,0.021,0.027,0.047,0.085,0.069,0.023,0.009
0.008,0.034,0.026,-0.021,-0.009,0.029,0.021,0.04,0.091,0.088,0.027,0.019
-0.027,0.008,0.035,0.009,-0.031,0.021,0.04,0.069,0.093,0.077,0.012,0.023
-0.002,0.066,0.068,-0.033,-0.035,0.067,0.112,0.095,0.113,0.121,0.065,0.039
0.032,0.081,0.049,-0.057,-0.009,0.065,0.104,0.132,0.154,0.123,0.062,0.04
0.03,0.083,0.053,-0.056,-0.012,0.068,0.021,0.121,0.14,0.139,0.093,0.066
0.034,0.059,0.025,-0.047,0.004,0.042,0.026,0.152,0.135,0.115,0.062,0.045
0.046,0.064,0.018,-0.055,0.014,0.041,0.019,0.095,0.104,0.122,0.071,0.045
0.022,0.032,0.01,-0.027,0.006,0.02,0.099,0.205,0.247,0.379,0.221,0.089
0.073,0.214,0.141,-0.144,-0.034,0.177,-0.217,-0.462,-0.666,0.376,0.849,0.421
0.437,0.438,0.002,-0.438,0.217,0.22,-1.09,-1.828,-2.318,0.036,1.89,1.155
0.751,0.191,-0.561,-0.471,0.656,-0.185,-1.398,-1.859,-2.626,-1.453,0.776,1.097
0.423,0.117,-0.305,-0.27,0.364,-0.094,-1.115,-1.596,-2.267,-2.418,-0.887,0.423
-0.013,-0.052,-0.039,0.032,0.014,-0.046,-0.478,-0.955,-1.142,-1.142,-0.645,0.031
-0.05,-0.196,-0.146,0.123,0.048,-0.17,0.036,-0.024,-0.027,-0.138,-0.245,-0.103
-0.054,-0.059,-0.005,0.057,-0.025,-0.032,0.06,0.052,0.09,0.049,-0.095,-0.041
-0.062,-0.09,-0.028,0.076,-0.016,-0.059,0.093,0.118,0.175,0.103,-0.069,-0.052
-0.051,-0.063,-0.012,0.057,-0.019,-0.037,0.099,0.119,0.181,0.084,-0.08,-0.052
-0.092,-0.093,-0.001,0.093,-0.045,-0.047,0.103,0.114,0.187,0.119,-0.058,-0.046
-0.093,-0.1,-0.007,0.096,-0.043,-0.053,0.122,0.161,0.226,0.119,-0.082,-0.055
-0.087,-0.072,0.016,0.079,-0.052,-0.028,0.123,0.164,0.238,0.15,-0.06,-0.045
-0.097,-0.088,0.01,0.092,-0.054,-0.039,0.132,0.179,0.256,0.144,-0.077,-0.059
-0.079,-0.073,0.006,0.076,-0.042,-0.034,0.135,0.182,0.273,0.143,-0.077,-0.058
-0.099,-0.086,0.013,0.092,-0.056,-0.036,0.17,0.225,0.324,0.151,-0.085,-0.064
-0.126,-0.073,0.053,0.099,-0.09,-0.01,0.176,0.228,0.341,0.161,-0.113,-0.07
-0.124,-0.062,0.061,0.093,-0.093,0.0,0.205,0.263,0.371,0.158,-0.136,-0.069
-0.144,-0.058,0.085,0.101,-0.114,0.013,0.279,0.307,0.409,0.147,-0.177,-0.089
-0.143,-0.052,0.091,0.097,-0.117,0.019,0.269,0.379,0.485,0.143,-0.216,-0.113
-0.132,-0.049,0.083,0.091,-0.107,0.016,0.235,0.432,0.547,0.132,-0.249,-0.132
-0.137,-0.037,0.1,0.087,-0.119,0.031,0.252,0.418,0.55,0.136,-0.282,-0.148
-0.152,-0.053,0.099,0.102,-0.125,0.023,0.254,0.41,0.551,0.178,-0.255,-0.139
-0.148,-0.06,0.088,0.104,-0.118,0.014,0.259,0.398,0.518,0.201,-0.208,-0.109
-0.119,-0.038,0.081,0.078,-0.1,0.021,0.226,0.356,0.445,0.186,-0.154,-0.046
-0.092,-0.013,0.079,0.052,-0.086,0.033,0.163,0.28,0.367,0.179,-0.079,0.007
-0.062,0.019,0.081,0.021,-0.071,0.049,0.126,0.211,0.286,0.166,-0.025,0.05
-0.023,0.03,0.053,-0.004,-0.039,0.041,0.089,0.165,0.215,0.148,0.015,0.084
-0.006,0.01,0.016,-0.002,-0.011,0.012,0.058,0.126,0.152,0.128,0.031,0.092
-0.006,-0.007,-0.001,0.006,-0.002,-0.004,0.04,0.09,0.116,0.114,0.03,0.107
0.019,0.014,-0.005,-0.016,0.012,0.004,0.04,0.075,0.087,0.093,0.045,0.128
0.02,0.01,-0.009,-0.015,0.014,0.0,0.04,0.075,0.063,0.057,0.034,0.137
-0.024,-0.038,-0.014,0.031,-0.005,-0.025,0.04,0.075,0.06,0.048,0.019,0.134
-0.031,-0.05,-0.019,0.041,-0.006,-0.034,0.04,0.075,0.059,0.052,0.019,0.135
0.003,-0.015,-0.018,0.007,0.01,-0.016,0.04,0.074,0.074,0.055,0.016,0.136
-0.01,-0.023,-0.013,0.017,0.001,-0.018,0.037,0.074,0.094,0.058,0.011,0.134
-0.019,-0.026,-0.007,0.022,-0.005,-0.017,0.032,0.067,0.09,0.07,0.011,0.143
-0.004,-0.011,-0.006,0.008,0.001,-0.009,0.032,0.084,0.096,0.074,0.015,0.15
-0.016,-0.014,0.002,0.015,-0.009,-0.006,0.024,0.084,0.078,0.064,0.038,0.155
-0.007,-0.007,0.0,0.007,-0.004,-0.003,0.031,0.091,0.087,0.071,0.038,0.16
-0.02,-0.007,0.013,0.013,-0.016,0.003,0.06,0.106,0.119,0.087,0.047,0.156
-0.025,0.014,0.039,0.005,-0.032,0.026,0.126,0.137,0.157,0.128,0.079,0.159
-0.004,0.062,0.066,-0.029,-0.035,0.064,0.109,0.151,0.174,0.128,0.058,0.187
-0.003,0.058,0.061,-0.027,-0.032,0.059,0.034,0.122,0.198,0.191,0.098,0.215
0.002,0.038,0.036,-0.02,-0.017,0.037,0.034,0.13,0.196,0.157,0.052,0.172
-0.011,0.033,0.043,-0.011,-0.027,0.038,0.022,0.121,0.182,0.216,0.12,0.208
0.025,0.06,0.035,-0.043,-0.005,0.047,0.095,0.202,0.237,0.45,0.308,0.278
0.161,0.32,0.158,-0.241,0.001,0.239,-0.373,-0.721,-0.936,0.473,1.233,0.772
0.581,0.364,-0.217,-0.472,0.399,0.073,-1.194,-1.878,-2.433,-0.335,1.756,1.386
0.785,0.216,-0.568,-0.5,0.676,-0.176,-1.311,-1.821,-2.633,-2.162,-0.045,1.017
0.256,0.096,-0.16,-0.176,0.208,-0.031,-0.912,-1.497,-2.039,-2.255,-1.07,0.349
-0.061,-0.179,-0.117,0.12,0.028,-0.147,-0.27,-0.609,-0.706,-0.719,-0.506,-0.015
-0.028,-0.136,-0.108,0.082,0.04,-0.122,0.048,0.052,0.055,-0.065,-0.195,-0.095
-0.094,-0.06,0.033,0.077,-0.063,-0.013,0.042,0.036,0.086,0.064,-0.065,-0.084
-0.082,-0.082,0.0,0.082,-0.041,-0.041,0.082,0.111,0.172,0.071,-0.098,-0.161
-0.091,-0.06,0.031,0.075,-0.06,-0.014,0.052,0.078,0.15,0.089,-0.079,-0.179
-0.117,-0.115,0.002,0.116,-0.06,-0.056,0.079,0.111,0.175,0.106,-0.085,-0.224
-0.094,-0.082,0.012,0.088,-0.053,-0.034,0.103,0.138,0.184,0.11,-0.088,-0.218
-0.071,-0.07,0.001,0.07,-0.035,-0.034,0.11,0.154,0.225,0.144,-0.08,-0.252
-0.063,-0.062,0.001,0.063,-0.032,-0.03,0.119,0.163,0.238,0.129,-0.09,-0.28
-0.088,-0.056,0.031,0.072,-0.059,-0.012,0.111,0.16,0.253,0.139,-0.081,-0.274
-0.074,-0.047,0.027,0.061,-0.051,-0.01,0.122,0.181,0.273,0.133,-0.105,-0.297
-0.087,-0.055,0.032,0.071,-0.059,-0.011,0.132,0.192,0.282,0.135,-0.137,-0.315
-0.142,-0.082,0.06,0.112,-0.101,-0.011,0.175,0.25,0.35,0.141,-0.166,-0.363
-0.147,-0.054,0.093,0.1,-0.12,0.019,0.269,0.295,0.403,0.146,-0.18,-0.38
-0.167,-0.055,0.112,0.111,-0.139,0.028,0.264,0.357,0.475,0.17,-0.204,-0.376
-0.166,-0.053,0.112,0.109,-0.139,0.029,0.219,0.425,0.53,0.186,-0.226,-0.388
-0.149,-0.045,0.103,0.097,-0.126,0.029,0.222,0.412,0.522,0.19,-0.245,-0.388
-0.14,-0.042,0.098,0.091,-0.119,0.028,0.208,0.375,0.514,0.211,-0.215,-0.37
-0.124,-0.034,0.091,0.079,-0.107,0.028,0.205,0.344,0.48,0.216,-0.156,-0.343
-0.117,-0.032,0.085,0.074,-0.101,0.026,0.179,0.289,0.407,0.2,-0.106,-0.307
-0.092,-0.023,0.069,0.057,-0.08,0.023,0.122,0.225,0.324,0.185,-0.062,-0.252
-0.073,-0.026,0.047,0.049,-0.06,0.01,0.072,0.169,0.233,0.161,-0.016,-0.201
-0.02,0.009,0.029,0.005,-0.025,0.019,0.04,0.122,0.162,0.129,0.008,-0.188
-0.003,0.01,0.013,-0.004,-0.008,0.011,0.027,0.081,0.117,0.102,0.009,-0.182
-0.036,-0.039,-0.003,0.037,-0.016,-0.02,0.025,0.057,0.085,0.083,0.019,-0.174
-0.019,-0.039,-0.019,0.029,0.0,-0.029,0.025,0.053,0.058,0.057,0.018,-0.169
-0.012,-0.045,-0.033,0.029,0.011,-0.039,0.02,0.056,0.043,0.048,0.015,-0.162
-0.011,-0.058,-0.047,0.035,0.018,-0.053,0.02,0.054,0.045,0.051,0.016,-0.157
-0.024,-0.08,-0.056,0.053,0.016,-0.068,0.021,0.057,0.045,0.049,0.014,-0.152
-0.034,-0.086,-0.052,0.06,0.009,-0.068,0.027,0.052,0.044,0.051,0.016,-0.145
-0.027,-0.074,-0.047,0.05,0.01,-0.06,0.027,0.063,0.057,0.05,0.014,-0.141
-0.02,-0.057,-0.037,0.039,0.009,-0.047,0.024,0.068,0.051,0.08,0.03,-0.134
-0.012,-0.047,-0.035,0.03,0.011,-0.041,0.024,0.072,0.059,0.095,0.031,-0.129
-0.024,-0.047,-0.024,0.036,0.0,-0.036,0.018,0.069,0.051,0.084,0.026,-0.118
0.004,-0.017,-0.022,0.007,0.013,-0.019,0.024,0.067,0.057,0.098,0.042,-0.11
0.003,-0.001,-0.003,-0.001,0.003,-0.002,0.051,0.09,0.088,0.095,0.054,-0.1
-0.02,-0.006,0.015,0.013,-0.018,0.004,0.106,0.1,0.114,0.131,0.085,-0.07
0.016,0.013,-0.003,-0.015,0.01,0.005,0.111,0.121,0.151,0.117,0.06,-0.061
0.044,0.048,0.004,-0.046,0.02,0.026,0.03,0.1,0.136,0.157,0.11,-0.044
0.062,0.036,-0.026,-0.049,0.044,0.005,0.025,0.102,0.132,0.125,0.067,-0.049
0.07,0.058,-0.012,-0.064,0.04,0.023,0.02,0.061,0.109,0.145,0.111,-0.027
0.048,0.029,-0.02,-0.038,0.034,0.004,0.082,0.182,0.235,0.394,0.262,-0.018
0.094,0.212,0.118,-0.154,-0.012,0.165,-0.252,-0.522,-0.687,0.404,0.988,0.372
0.463,0.386,-0.077,-0.425,0.27,0.154,-1.101,-1.802,-2.293,-0.097,1.929,1.079
0.72,0.174,-0.546,-0.447,0.633,-0.186,-1.346,-1.83,-2.606,-1.757,0.503,0.936
0.316,0.069,-0.247,-0.192,0.281,-0.089,-1.001,-1.538,-2.17,-2.418,-1.035,0.235
-0.025,-0.14,-0.115,0.082,0.046,-0.127,-0.392,-0.811,-0.981,-1.002,-0.633,-0.156
-0.029,-0.204,-0.175,0.117,0.073,-0.189,0.035,0.009,0.009,-0.12,-0.228,-0.192
-0.014,-0.054,-0.039,0.034,0.013,-0.046,0.048,0.047,0.087,0.043,-0.075,-0.141
-0.006,-0.088,-0.082,0.047,0.038,-0.084,0.081,0.11,0.166,0.083,-0.072,-0.161
-0.052,-0.095,-0.043,0.073,-0.004,-0.068,0.077,0.118,0.155,0.075,-0.068,-0.145
-0.046,-0.091,-0.045,0.069,-0.001,-0.067,0.083,0.127,0.165,0.105,-0.054,-0.16
-0.059,-0.087,-0.028,0.073,-0.015,-0.058,0.105,0.135,0.191,0.102,-0.068,-0.162
-0.063,-0.072,-0.008,0.068,-0.027,-0.04,0.114,0.147,0.21,0.131,-0.045,-0.158
-0.068,-0.079,-0.011,0.074,-0.028,-0.045,0.124,0.175,0.232,0.133,-0.081,-0.162
-0.083,-0.077,0.006,0.08,-0.044,-0.035,0.124,0.17,0.257,0.128,-0.074,-0.158
-0.053,-0.065,-0.012,0.059,-0.02,-0.038,0.124,0.181,0.268,0.117,-0.111,-0.162
-0.073,-0.088,-0.015,0.081,-0.029,-0.051,0.135,0.188,0.27,0.123,-0.142,-0.168
-0.082,-0.074,0.008,0.077,-0.045,-0.032,0.188,0.257,0.351,0.143,-0.132,-0.187
-0.1,-0.05,0.05,0.075,-0.075,0.001,0.27,0.294,0.39,0.162,-0.185,-0.207
-0.088,-0.014,0.073,0.051,-0.08,0.029,0.289,0.358,0.46,0.157,-0.21,-0.222
-0.059,0.012,0.071,0.023,-0.065,0.041,0.251,0.414,0.527,0.155,-0.245,-0.233
-0.124,-0.037,0.086,0.08,-0.105,0.024,0.248,0.403,0.517,0.148,-0.301,-0.255
-0.142,-0.048,0.093,0.095,-0.117,0.022,0.255,0.403,0.514,0.16,-0.271,-0.251
-0.11,-0.027,0.083,0.068,-0.096,0.028,0.249,0.369,0.477,0.195,-0.225,-0.215
-0.084,-0.005,0.079,0.044,-0.081,0.036,0.206,0.317,0.419,0.188,-0.15,-0.165
-0.058,0.009,0.067,0.024,-0.063,0.038,0.154,0.258,0.34,0.178,-0.075,-0.108
-0.046,0.001,0.047,0.022,-0.046,0.024,0.111,0.184,0.245,0.156,-0.036,-0.068
-0.011,0.008,0.019,0.001,-0.015,0.013,0.07,0.136,0.179,0.128,0.004,-0.038
-0.012,0.001,0.013,0.005,-0.012,0.007,0.037,0.095,0.105,0.108,0.028,-0.009
-0.012,-0.026,-0.014,0.019,0.002,-0.019,0.019,0.059,0.071,0.088,0.031,0.013
0.016,-0.026,-0.043,0.005,0.03,-0.034,0.022,0.056,0.073,0.068,0.023,0.022
0.017,-0.021,-0.038,0.002,0.028,-0.029,0.019,0.054,0.06,0.049,0.02,0.019
0.005,-0.035,-0.04,0.015,0.023,-0.037,0.021,0.052,0.061,0.051,0.015,0.02
0.016,-0.024,-0.041,0.004,0.029,-0.032,0.018,0.049,0.048,0.048,0.009,0.015
0.041,-0.013,-0.054,-0.014,0.048,-0.033,0.023,0.051,0.059,0.054,0.016,0.016
0.031,-0.029,-0.059,-0.001,0.045,-0.044,0.039,0.07,0.096,0.054,0.021,0.014
0.012,-0.028,-0.04,0.008,0.026,-0.034,0.04,0.067,0.091,0.055,0.033,0.005
0.004,-0.031,-0.035,0.014,0.02,-0.032,0.048,0.074,0.101,0.06,0.027,0.004
0.034,0.01,-0.023,-0.022,0.028,-0.006,0.043,0.065,0.085,0.061,0.041,0.013
0.06,0.043,-0.017,-0.051,0.038,0.013,0.062,0.099,0.12,0.091,0.05,0.021
0.041,0.035,-0.006,-0.037,0.023,0.014,0.073,0.131,0.138,0.101,0.055,0.021
0.032,0.043,0.012,-0.038,0.009,0.027,0.111,0.135,0.146,0.125,0.09,0.029
0.04,0.068,0.027,-0.054,0.006,0.047,0.098,0.15,0.182,0.122,0.072,0.046
0.054,0.075,0.021,-0.064,0.016,0.048,0.028,0.137,0.198,0.174,0.11,0.058
0.041,0.032,-0.009,-0.037,0.025,0.012,0.041,0.134,0.197,0.114,0.045,0.037
0.04,0.037,-0.003,-0.038,0.021,0.017,0.027,0.108,0.183,0.199,0.123,0.056
0.047,0.05,0.002,-0.049,0.023,0.026,0.078,0.185,0.227,0.426,0.31,0.094
0.157,0.296,0.138,-0.227,0.009,0.217,-0.388,-0.707,-0.941,0.372,1.245,0.622
0.575,0.392,-0.183,-0.483,0.379,0.104,-1.176,-1.771,-2.343,-0.287,1.913,1.264
0.691,0.152,-0.539,-0.421,0.615,-0.194,-1.267,-1.651,-2.446,-1.989,0.1,0.889
0.212,0.029,-0.184,-0.121,0.198,-0.078,-0.868,-1.377,-1.924,-2.213,-1.065,0.209
-0.035,-0.177,-0.141,0.106,0.053,-0.159,-0.247,-0.566,-0.663,-0.711,-0.496,-0.084
-0.003,-0.152,-0.15,0.078,0.074,-0.151,0.068,0.067,0.089,-0.047,-0.19,-0.103
-0.039,-0.057,-0.018,0.048,-0.01,-0.037,0.061,0.044,0.103,0.059,-0.068,-0.06
-0.054,-0.095,-0.041,0.075,-0.006,-0.068,0.094,0.126,0.186,0.081,-0.096,-0.087
-0.072,-0.094,-0.022,0.083,-0.025,-0.058,0.078,0.105,0.149,0.085,-0.082,-0.077
-0.071,-0.114,-0.042,0.093,-0.015,-0.078,0.101,0.134,0.184,0.106,-0.083,-0.089
-0.05,-0.068,-0.018,0.059,-0.016,-0.043,0.112,0.157,0.208,0.12,-0.09,-0.09
-0.091,-0.104,-0.013,0.098,-0.039,-0.059,0.126,0.169,0.229,0.15,-0.078,-0.096
-0.093,-0.098,-0.004,0.096,-0.044,-0.051,0.144,0.18,0.252,0.144,-0.092,-0.106
-0.048,-0.04,0.008,0.044,-0.028,-0.016,0.146,0.175,0.276,0.152,-0.079,-0.108
-0.067,-0.061,0.006,0.064,-0.037,-0.027,0.162,0.178,0.288,0.15,-0.112,-0.108
-0.078,-0.08,-0.002,0.079,-0.038,-0.041,0.158,0.181,0.286,0.147,-0.155,-0.129
-0.105,-0.071,0.035,0.088,-0.07,-0.018,0.201,0.25,0.368,0.16,-0.171,-0.148
-0.132,-0.045,0.087,0.088,-0.11,0.021,0.287,0.301,0.428,0.17,-0.183,-0.157
-0.113,-0.03,0.083,0.071,-0.098,0.026,0.293,0.358,0.489,0.175,-0.213,-0.182
-0.12,-0.034,0.086,0.076,-0.103,0.026,0.262,0.414,0.554,0.192,-0.242,-0.195
-0.138,-0.054,0.085,0.096,-0.111,0.015,0.255,0.411,0.554,0.183,-0.276,-0.211
-0.147,-0.061,0.085,0.104,-0.116,0.012,0.246,0.407,0.557,0.205,-0.26,-0.195
-0.132,-0.048,0.084,0.089,-0.107,0.018,0.244,0.37,0.513,0.221,-0.194,-0.156
-0.116,-0.036,0.081,0.076,-0.098,0.022,0.204,0.314,0.437,0.2,-0.132,-0.115
-0.074,-0.005,0.069,0.04,-0.072,0.032,0.149,0.255,0.36,0.189,-0.07,-0.077
-0.037,0.004,0.042,0.016,-0.04,0.023,0.104,0.185,0.27,0.168,-0.023,-0.043
-0.028,-0.001,0.027,0.014,-0.028,0.013,0.063,0.135,0.204,0.143,-0.005,0.001
-0.027,-0.012,0.015,0.019,-0.021,0.001,0.047,0.1,0.144,0.112,0.001,0.022
-0.014,-0.008,0.006,0.011,-0.01,-0.001,0.033,0.082,0.116,0.084,0.006,0.025
0.012,0.015,0.003,-0.014,0.005,0.009,0.026,0.077,0.1,0.071,0.016,0.033
-0.021,-0.022,-0.001,0.021,-0.01,-0.011,0.023,0.068,0.076,0.064,0.026,0.033
-0.009,-0.013,-0.004,0.011,-0.002,-0.009,0.021,0.067,0.071,0.058,0.022,0.026
0.017,0.008,-0.009,-0.012,0.013,-0.001,0.017,0.06,0.061,0.057,0.012,0.021
0.0,-0.008,-0.009,0.004,0.005,-0.008,0.015,0.056,0.055,0.061,0.01,0.015
-0.017,-0.022,-0.005,0.02,-0.005,-0.013,0.013,0.054,0.048,0.062,-0.002,0.009
-0.032,-0.031,0.001,0.031,-0.016,-0.015,0.001,0.04,0.039,0.065,-0.003,0.011
-0.016,-0.016,0.0,0.016,-0.008,-0.008,0.013,0.083,0.079,0.07,0.011,0.008
-0.019,-0.009,0.01,0.014,-0.014,0.0,0.03,0.088,0.083,0.079,0.036,0.015
0.015,0.021,0.006,-0.018,0.004,0.013,0.038,0.092,0.088,0.097,0.049,0.031
0.029,0.052,0.024,-0.041,0.002,0.038,0.037,0.089,0.082,0.101,0.051,0.036
-0.01,0.04,0.05,-0.016,-0.03,0.045,0.092,0.086,0.095,0.13,0.07,0.035
0.026,0.069,0.043,-0.047,-0.009,0.055,0.091,0.121,0.136,0.114,0.054,0.04
0.038,0.08,0.042,-0.059,-0.002,0.061,0.008,0.107,0.151,0.152,0.089,0.063
0.028,0.048,0.02,-0.038,0.004,0.033,0.021,0.121,0.131,0.092,0.041,0.054
0.025,0.049,0.024,-0.037,0.0,0.036,0.012,0.098,0.127,0.177,0.119,0.069
0.014,0.036,0.023,-0.025,-0.005,0.029,0.06,0.157,0.165,0.396,0.296,0.094
0.129,0.308,0.179,-0.219,-0.026,0.244,-0.428,-0.824,-1.101,0.296,1.165,0.573
0.534,0.417,-0.117,-0.475,0.325,0.15,-1.252,-1.916,-2.492,-0.247,1.923,1.24
0.739,0.21,-0.529,-0.474,0.634,-0.159,-1.343,-1.702,-2.484,-1.847,0.283,0.944
0.277,0.12,-0.157,-0.198,0.216,-0.018,-0.964,-1.487,-2.023,-2.243,-0.999,0.264
-0.04,-0.129,-0.089,0.085,0.024,-0.109,-0.307,-0.664,-0.765,-0.784,-0.514,-0.066
-0.027,-0.144,-0.117,0.086,0.045,-0.13,0.061,0.057,0.074,-0.058,-0.202,-0.11
-0.062,-0.042,0.02,0.052,-0.041,-0.01,0.043,0.032,0.088,0.057,-0.08,-0.06
-0.042,-0.056,-0.015,0.049,-0.013,-0.035,0.086,0.119,0.188,0.087,-0.082,-0.093
-0.058,-0.028,0.03,0.043,-0.044,0.001,0.083,0.086,0.167,0.088,-0.075,-0.089
-0.084,-0.077,0.007,0.08,-0.045,-0.035,0.101,0.129,0.196,0.121,-0.071,-0.105
-0.073,-0.07,0.003,0.071,-0.038,-0.033,0.107,0.147,0.214,0.105,-0.081,-0.107
-0.063,-0.063,0.0,0.063,-0.032,-0.031,0.129,0.153,0.248,0.126,-0.068,-0.101
-0.073,-0.063,0.01,0.068,-0.041,-0.026,0.136,0.18,0.269,0.136,-0.081,-0.11
-0.08,-0.048,0.032,0.064,-0.055,-0.008,0.132,0.166,0.274,0.142,-0.086,-0.113
-0.101,-0.057,0.044,0.079,-0.072,-0.006,0.157,0.183,0.301,0.135,-0.123,-0.136
-0.105,-0.05,0.055,0.077,-0.08,0.003,0.152,0.201,0.305,0.133,-0.151,-0.155
-0.092,-0.035,0.058,0.063,-0.075,0.011,0.194,0.266,0.365,0.131,-0.169,-0.165
-0.135,-0.034,0.101,0.084,-0.118,0.033,0.279,0.325,0.426,0.129,-0.186,-0.176
-0.133,-0.011,0.122,0.072,-0.127,0.055,0.269,0.374,0.487,0.142,-0.222,-0.202
-0.101,0.018,0.119,0.042,-0.111,0.068,0.239,0.404,0.541,0.159,-0.269,-0.23
-0.126,-0.006,0.121,0.066,-0.123,0.057,0.255,0.39,0.54,0.161,-0.284,-0.233
-0.154,-0.039,0.116,0.096,-0.135,0.038,0.256,0.388,0.532,0.165,-0.261,-0.227
-0.129,-0.014,0.115,0.071,-0.122,0.051,0.248,0.377,0.488,0.164,-0.22,-0.207
-0.101,0.014,0.115,0.043,-0.108,0.064,0.209,0.32,0.416,0.156,-0.146,-0.153
-0.112,-0.002,0.11,0.057,-0.111,0.053,0.16,0.248,0.338,0.15,-0.076,-0.095
-0.074,0.025,0.099,0.024,-0.086,0.062,0.109,0.188,0.264,0.142,-0.029,-0.052
-0.017,0.053,0.07,-0.019,-0.044,0.061,0.057,0.134,0.208,0.137,0.0,-0.032
-0.018,0.033,0.052,-0.008,-0.035,0.042,0.04,0.093,0.139,0.113,0.008,-0.029
-0.021,0.024,0.045,-0.002,-0.033,0.034,0.031,0.07,0.093,0.081,0.019,-0.026
-0.028,0.007,0.035,0.01,-0.032,0.02,0.02,0.065,0.076,0.057,0.024,-0.023
-0.049,-0.022,0.028,0.035,-0.039,0.003,0.018,0.066,0.074,0.044,0.021,-0.02
-0.06,-0.038,0.022,0.049,-0.041,-0.008,0.023,0.064,0.077,0.046,0.016,-0.018
-0.036,-0.017,0.019,0.027,-0.027,0.001,0.024,0.066,0.073,0.04,0.014,-0.015
-0.021,-0.007,0.014,0.013,-0.017,0.003,0.019,0.062,0.076,0.041,0.008,-0.007
-0.035,-0.026,0.009,0.031,-0.022,-0.008,0.031,0.073,0.079,0.045,0.021,-0.006
-0.015,-0.02,-0.005,0.018,-0.005,-0.012,0.042,0.093,0.086,0.06,0.054,0.002
0.018,0.005,-0.013,-0.011,0.015,-0.004,0.039,0.099,0.106,0.081,0.047,0.003
0.022,0.027,0.005,-0.024,0.008,0.016,0.04,0.089,0.094,0.095,0.06,-0.013
0.011,0.009,-0.002,-0.01,0.006,0.004,0.04,0.105,0.102,0.087,0.053,-0.018
-0.01,0.017,0.027,-0.004,-0.019,0.022,0.06,0.112,0.127,0.115,0.063,0.007
-0.034,0.015,0.05,0.009,-0.042,0.032,0.118,0.138,0.167,0.141,0.061,0.011
0.027,0.08,0.053,-0.054,-0.014,0.067,0.071,0.141,0.173,0.148,0.075,0.029
0.05,0.089,0.039,-0.07,0.005,0.064,0.043,0.166,0.209,0.186,0.12,0.034
-0.002,0.029,0.031,-0.014,-0.017,0.03,0.032,0.124,0.167,0.09,0.071,0.008
0.014,0.044,0.03,-0.029,-0.008,0.037,0.043,0.161,0.249,0.283,0.164,0.043
0.03,0.081,0.051,-0.056,-0.011,0.066,0.037,0.079,0.046,0.439,0.436,0.146
0.228,0.371,0.143,-0.299,0.042,0.256,-0.664,-1.173,-1.508,0.338,1.546,0.782
0.675,0.317,-0.359,-0.496,0.517,-0.021,-1.328,-1.882,-2.528,-0.607,1.582,1.205
0.651,0.118,-0.533,-0.384,0.591,-0.207,-1.26,-1.626,-2.417,-2.282,-0.378,0.664
0.116,0.03,-0.087,-0.073,0.101,-0.028,-0.77,-1.318,-1.717,-1.852,-0.911,0.096
-0.084,-0.21,-0.126,0.148,0.021,-0.168,-0.125,-0.332,-0.374,-0.422,-0.355,-0.132
-0.048,-0.108,-0.06,0.078,0.006,-0.084,0.057,0.086,0.1,-0.014,-0.141,-0.113
-0.056,-0.065,-0.009,0.06,-0.024,-0.037,0.058,0.052,0.118,0.096,-0.056,-0.089
-0.058,-0.107,-0.049,0.083,-0.004,-0.078,0.109,0.129,0.189,0.084,-0.089,-0.109
-0.069,-0.083,-0.014,0.076,-0.027,-0.048,0.108,0.095,0.166,0.096,-0.057,-0.099
-0.065,-0.107,-0.043,0.086,-0.011,-0.075,0.127,0.145,0.209,0.108,-0.078,-0.123
-0.089,-0.093,-0.005,0.091,-0.042,-0.049,0.12,0.14,0.217,0.132,-0.067,-0.115
-0.086,-0.081,0.004,0.083,-0.045,-0.038,0.124,0.175,0.256,0.143,-0.07,-0.126
-0.085,-0.041,0.043,0.063,-0.064,0.001,0.121,0.178,0.259,0.123,-0.073,-0.13
-0.102,-0.048,0.055,0.075,-0.078,0.004,0.131,0.188,0.287,0.128,-0.08,-0.139
-0.114,-0.059,0.055,0.086,-0.084,-0.002,0.142,0.2,0.289,0.112,-0.116,-0.157
-0.107,-0.052,0.055,0.079,-0.081,0.001,0.15,0.202,0.301,0.113,-0.13,-0.169
-0.105,-0.044,0.062,0.074,-0.083,0.009,0.215,0.266,0.367,0.144,-0.148,-0.183
-0.103,0.001,0.104,0.051,-0.103,0.052,0.273,0.317,0.422,0.161,-0.17,-0.176
-0.072,0.032,0.104,0.019,-0.088,0.068,0.252,0.382,0.5,0.169,-0.198,-0.194
-0.101,0.009,0.11,0.046,-0.105,0.059,0.239,0.406,0.527,0.178,-0.232,-0.242
-0.163,-0.035,0.128,0.098,-0.145,0.046,0.24,0.385,0.511,0.17,-0.252,-0.241
-0.171,-0.046,0.125,0.108,-0.147,0.039,0.248,0.388,0.519,0.203,-0.214,-0.211
-0.142,-0.026,0.116,0.084,-0.129,0.045,0.222,0.345,0.462,0.221,-0.152,-0.177
-0.094,0.01,0.104,0.041,-0.099,0.057,0.163,0.286,0.381,0.211,-0.097,-0.134
-0.053,0.03,0.083,0.011,-0.068,0.056,0.127,0.229,0.309,0.197,-0.038,-0.084
-0.042,0.019,0.06,0.011,-0.051,0.039,0.087,0.164,0.225,0.156,-0.002,-0.049
-0.021,0.037,0.057,-0.008,-0.039,0.047,0.063,0.122,0.173,0.133,0.011,-0.041
0.0,0.052,0.052,-0.026,-0.026,0.052,0.046,0.089,0.124,0.109,0.025,-0.03
0.0,0.038,0.037,-0.019,-0.019,0.037,0.033,0.071,0.089,0.082,0.034,-0.025
0.005,0.033,0.028,-0.019,-0.012,0.03,0.035,0.065,0.07,0.066,0.035,-0.023
0.008,0.025,0.017,-0.016,-0.005,0.021,0.035,0.056,0.051,0.051,0.036,-0.019
0.006,0.014,0.008,-0.01,-0.001,0.01,0.035,0.052,0.049,0.048,0.034,-0.017
0.007,0.008,0.001,-0.008,0.003,0.004,0.034,0.042,0.05,0.05,0.035,-0.014
-0.022,-0.033,-0.012,0.028,-0.005,-0.022,0.035,0.045,0.061,0.052,0.035,-0.015
0.006,-0.006,-0.012,0.0,0.009,-0.009,0.031,0.056,0.07,0.068,0.034,-0.015
0.024,0.015,-0.01,-0.019,0.017,0.003,0.025,0.053,0.069,0.085,0.038,-0.014
-0.039,-0.029,0.01,0.034,-0.024,-0.009,0.024,0.058,0.072,0.078,0.031,-0.017
-0.045,-0.004,0.041,0.024,-0.043,0.018,0.014,0.05,0.066,0.092,0.041,-0.013
-0.021,0.007,0.028,0.007,-0.025,0.017,0.021,0.063,0.077,0.084,0.031,-0.017
-0.009,0.036,0.045,-0.014,-0.027,0.04,0.052,0.078,0.09,0.103,0.066,0.001
-0.032,0.017,0.049,0.007,-0.04,0.032,0.109,0.111,0.13,0.109,0.064,0.007
0.0,0.053,0.053,-0.027,-0.027,0.053,0.063,0.106,0.13,0.119,0.073,0.022
0.017,0.05,0.032,-0.033,-0.008,0.041,0.014,0.114,0.142,0.137,0.076,0.029
-0.016,0.029,0.045,-0.007,-0.031,0.037,0.008,0.068,0.082,0.066,0.051,0.021
0.01,0.047,0.038,-0.029,-0.014,0.042,0.052,0.15,0.209,0.295,0.172,0.03
0.037,0.11,0.073,-0.073,-0.018,0.091,-0.01,-0.059,-0.131,0.45,0.523,0.179
0.273,0.406,0.133,-0.34,0.07,0.269,-0.792,-1.433,-1.805,0.26,1.665,0.884
0.755,0.324,-0.432,-0.539,0.593,-0.054,-1.393,-2.052,-2.722,-0.968,1.343,1.185
0.662,0.19,-0.472,-0.426,0.567,-0.141,-1.251,-1.745,-2.495,-2.462,-0.613,0.563
0.06,0.006,-0.054,-0.033,0.057,-0.024,-0.726,-1.292,-1.623,-1.718,-0.887,0.04
-0.069,-0.223,-0.154,0.146,0.043,-0.188,-0.09,-0.258,-0.284,-0.364,-0.333,-0.152
-0.029,-0.072,-0.043,0.051,0.007,-0.057,0.039,0.078,0.106,-0.011,-0.117,-0.111
-0.075,-0.085,-0.01,0.08,-0.032,-0.047,0.061,0.062,0.136,0.065,-0.069,-0.086
-0.059,-0.091,-0.032,0.075,-0.013,-0.061,0.094,0.137,0.199,0.067,-0.109,-0.097
-0.082,-0.081,0.001,0.082,-0.041,-0.04,0.067,0.103,0.172,0.094,-0.076,-0.097
-0.078,-0.1,-0.021,0.089,-0.028,-0.06,0.113,0.143,0.21,0.091,-0.1,-0.13
-0.083,-0.078,0.006,0.081,-0.044,-0.036,0.114,0.133,0.214,0.101,-0.085,-0.125
-0.083,-0.091,-0.008,0.087,-0.037,-0.049,0.121,0.164,0.251,0.114,-0.086,-0.128
-0.06,-0.052,0.008,0.055,-0.033,-0.022,0.124,0.161,0.254,0.11,-0.09,-0.125
-0.059,-0.05,0.009,0.054,-0.033,-0.021,0.141,0.189,0.297,0.12,-0.1,-0.147
-0.09,-0.049,0.041,0.069,-0.065,-0.004,0.167,0.227,0.329,0.145,-0.113,-0.157
-0.111,-0.053,0.058,0.082,-0.084,0.002,0.175,0.232,0.339,0.152,-0.135,-0.158
-0.12,-0.061,0.059,0.09,-0.089,-0.001,0.218,0.268,0.386,0.149,-0.17,-0.162
-0.119,-0.02,0.098,0.069,-0.108,0.039,0.31,0.32,0.436,0.149,-0.214,-0.202
-0.132,-0.02,0.112,0.076,-0.121,0.045,0.3,0.399,0.515,0.155,-0.24,-0.246
-0.161,-0.051,0.109,0.106,-0.135,0.029,0.261,0.437,0.558,0.175,-0.267,-0.236
-0.156,-0.048,0.108,0.102,-0.132,0.03,0.258,0.417,0.54,0.178,-0.285,-0.244
-0.146,-0.043,0.103,0.094,-0.125,0.03,0.244,0.396,0.531,0.183,-0.251,-0.226
-0.148,-0.041,0.107,0.094,-0.128,0.032,0.235,0.35,0.47,0.179,-0.191,-0.171
-0.107,-0.016,0.091,0.061,-0.099,0.037,0.193,0.28,0.382,0.167,-0.119,-0.131
-0.056,0.002,0.057,0.027,-0.056,0.029,0.143,0.214,0.311,0.159,-0.061,-0.077
-0.044,-0.012,0.032,0.028,-0.038,0.01,0.084,0.162,0.231,0.143,-0.02,-0.037
-0.009,0.007,0.016,0.001,-0.013,0.011,0.053,0.113,0.163,0.123,-0.004,-0.019
-0.008,0.004,0.012,0.002,-0.01,0.008,0.048,0.076,0.115,0.097,0.007,-0.012
-0.01,-0.002,0.007,0.006,-0.008,0.003,0.034,0.065,0.08,0.08,0.018,-0.005
0.008,0.01,0.003,-0.009,0.002,0.007,0.035,0.065,0.055,0.066,0.015,-0.002
-0.038,-0.039,-0.001,0.039,-0.018,-0.02,0.035,0.066,0.047,0.059,0.016,-0.034
-0.032,-0.047,-0.015,0.039,-0.008,-0.031,0.035,0.065,0.054,0.058,0.014,-0.036
-0.01,-0.037,-0.028,0.024,0.009,-0.032,0.034,0.065,0.052,0.061,0.016,-0.019
0.013,-0.028,-0.041,0.008,0.027,-0.034,0.036,0.064,0.062,0.061,0.015,-0.017
0.005,-0.033,-0.038,0.014,0.022,-0.036,0.039,0.061,0.08,0.053,0.015,-0.012
-0.019,-0.061,-0.042,0.04,0.011,-0.051,0.041,0.071,0.077,0.071,0.029,-0.011
0.009,-0.03,-0.039,0.01,0.025,-0.034,0.042,0.085,0.084,0.071,0.035,-0.008
-0.006,-0.046,-0.04,0.026,0.017,-0.042,0.046,0.107,0.122,0.083,0.046,-0.003
0.001,-0.039,-0.04,0.019,0.021,-0.04,0.044,0.115,0.129,0.079,0.025,-0.004
-0.014,-0.004,0.01,0.009,-0.012,0.003,0.066,0.107,0.129,0.123,0.063,0.014
-0.011,0.014,0.025,-0.002,-0.018,0.02,0.142,0.155,0.175,0.138,0.073,0.019
0.027,0.056,0.028,-0.042,-0.001,0.042,0.086,0.153,0.176,0.155,0.096,0.039
0.028,0.027,-0.002,-0.028,0.015,0.012,0.042,0.156,0.19,0.155,0.079,0.045
0.024,0.041,0.017,-0.032,0.003,0.029,0.038,0.088,0.118,0.11,0.075,0.051
0.021,0.001,-0.02,-0.011,0.021,-0.01,0.082,0.202,0.279,0.371,0.215,0.068
0.086,0.15,0.065,-0.118,0.01,0.107,-0.063,-0.138,-0.211,0.499,0.743,0.312
0.363,0.382,0.019,-0.373,0.172,0.2,-0.869,-1.474,-1.876,0.183,1.835,1.011
0.768,0.23,-0.538,-0.499,0.653,-0.154,-1.34,-1.901,-2.638,-1.363,0.94,1.097
0.495,0.109,-0.387,-0.302,0.441,-0.139,-1.097,-1.615,-2.355,-2.541,-0.93,0.388
-0.035,-0.119,-0.084,0.077,0.025,-0.102,-0.538,-1.033,-1.299,-1.35,-0.802,-0.075
-0.031,-0.21,-0.179,0.121,0.074,-0.194,-0.015,-0.106,-0.123,-0.205,-0.265,-0.144
-0.028,-0.073,-0.046,0.051,0.009,-0.059,0.05,0.075,0.086,0.03,-0.092,-0.086
-0.062,-0.103,-0.04,0.083,-0.011,-0.071,0.06,0.078,0.13,0.088,-0.074,-0.1
-0.051,-0.083,-0.032,0.068,-0.01,-0.057,0.074,0.099,0.163,0.08,-0.095,-0.105
-0.088,-0.092,-0.004,0.09,-0.042,-0.048,0.067,0.084,0.153,0.117,-0.06,-0.108
-0.097,-0.095,0.002,0.096,-0.049,-0.046,0.087,0.123,0.168,0.107,-0.08,-0.116
-0.087,-0.093,-0.006,0.09,-0.04,-0.049,0.087,0.123,0.186,0.133,-0.057,-0.1
-0.088,-0.097,-0.009,0.093,-0.039,-0.053,0.114,0.156,0.229,0.132,-0.087,-0.118
-0.1,-0.082,0.017,0.09,-0.058,-0.032,0.114,0.154,0.232,0.139,-0.09,-0.124
-0.096,-0.078,0.017,0.087,-0.056,-0.03,0.124,0.182,0.269,0.15,-0.088,-0.126
-0.105,-0.067,0.038,0.085,-0.071,-0.014,0.138,0.188,0.273,0.149,-0.113,-0.124
-0.089,-0.066,0.022,0.077,-0.055,-0.022,0.153,0.213,0.302,0.15,-0.14,-0.125
-0.086,-0.052,0.034,0.069,-0.06,-0.009,0.214,0.281,0.37,0.145,-0.158,-0.144
-0.115,-0.054,0.06,0.084,-0.087,0.003,0.292,0.322,0.409,0.144,-0.199,-0.17
-0.105,-0.011,0.094,0.058,-0.099,0.041,0.275,0.381,0.483,0.17,-0.235,-0.202
-0.123,-0.012,0.111,0.067,-0.117,0.049,0.231,0.411,0.531,0.179,-0.243,-0.203
-0.146,-0.054,0.092,0.1,-0.118,0.019,0.238,0.392,0.511,0.189,-0.239,-0.193
-0.103,-0.016,0.087,0.06,-0.095,0.035,0.231,0.371,0.501,0.231,-0.196,-0.173
-0.075,-0.003,0.072,0.039,-0.074,0.035,0.189,0.327,0.435,0.224,-0.138,-0.123
-0.047,0.011,0.058,0.018,-0.053,0.034,0.135,0.273,0.345,0.209,-0.079,-0.081
-0.044,0.003,0.046,0.02,-0.045,0.024,0.091,0.202,0.269,0.181,-0.018,-0.039
-0.066,-0.04,0.027,0.053,-0.046,-0.006,0.061,0.147,0.185,0.145,0.014,-0.014
-0.05,-0.034,0.016,0.042,-0.033,-0.009,0.046,0.114,0.129,0.129,0.015,-0.006
-0.036,-0.027,0.009,0.031,-0.022,-0.009,0.038,0.082,0.088,0.102,0.014,0.002
-0.027,-0.024,0.004,0.025,-0.015,-0.01,0.031,0.065,0.058,0.084,0.016,0.013
-0.019,-0.024,-0.005,0.022,-0.007,-0.014,0.024,0.049,0.05,0.064,0.015,0.038
-0.008,-0.018,-0.01,0.013,0.001,-0.013,0.015,0.042,0.047,0.05,0.016,0.041
-0.005,-0.023,-0.018,0.014,0.007,-0.02,0.012,0.046,0.045,0.048,0.018,0.032
-0.009,-0.054,-0.045,0.032,0.018,-0.049,0.017,0.048,0.041,0.051,0.02,0.031
0.004,-0.045,-0.05,0.021,0.027,-0.047,0.025,0.05,0.039,0.056,0.022,0.024
0.014,-0.027,-0.041,0.007,0.027,-0.034,0.022,0.061,0.051,0.056,0.023,0.021
0.008,-0.027,-0.035,0.01,0.022,-0.031,0.015,0.064,0.06,0.077,0.033,0.016
0.008,-0.021,-0.029,0.007,0.018,-0.025,0.015,0.067,0.061,0.075,0.029,0.019
0.001,-0.015,-0.016,0.007,0.008,-0.015,0.003,0.061,0.057,0.084,0.041,0.039
0.006,-0.009,-0.015,0.002,0.011,-0.012,0.012,0.069,0.063,0.076,0.031,0.033
0.039,0.041,0.002,-0.04,0.019,0.021,0.038,0.08,0.077,0.086,0.066,0.033
0.026,0.051,0.025,-0.039,0.0,0.038,0.097,0.106,0.12,0.1,0.064,0.029
0.017,0.062,0.045,-0.04,-0.015,0.053,0.078,0.108,0.121,0.1,0.06,0.037
0.05,0.053,0.003,-0.052,0.023,0.028,0.03,0.122,0.152,0.164,0.109,0.074
0.012,-0.007,-0.02,-0.002,0.016,-0.013,0.023,0.075,0.092,0.065,0.034,0.052
0.001,-0.011,-0.012,0.005,0.006,-0.011,0.04,0.126,0.181,0.253,0.164,0.076
0.053,0.079,0.026,-0.067,0.014,0.053,0.033,0.068,0.038,0.438,0.466,0.201
0.213,0.371,0.158,-0.292,0.027,0.264,-0.636,-1.148,-1.483,0.269,1.572,0.808
0.657,0.342,-0.315,-0.5,0.486,0.013,-1.295,-1.888,-2.527,-0.697,1.65,1.268
0.63,0.152,-0.478,-0.391,0.554,-0.163,-1.207,-1.623,-2.39,-2.304,-0.403,0.705
0.089,0.012,-0.077,-0.05,0.083,-0.033,-0.738,-1.275,-1.688,-1.889,-0.993,0.083
-0.027,-0.199,-0.173,0.113,0.073,-0.186,-0.121,-0.325,-0.377,-0.442,-0.368,-0.102
-0.029,-0.124,-0.095,0.076,0.033,-0.109,0.067,0.09,0.113,-0.014,-0.148,-0.091
-0.091,-0.1,-0.008,0.096,-0.041,-0.054,0.058,0.059,0.12,0.078,-0.074,-0.066
-0.061,-0.106,-0.046,0.083,-0.007,-0.076,0.1,0.134,0.187,0.072,-0.107,-0.081
-0.068,-0.081,-0.013,0.074,-0.027,-0.047,0.086,0.107,0.17,0.104,-0.067,-0.082
-0.052,-0.088,-0.036,0.071,-0.008,-0.062,0.112,0.149,0.206,0.114,-0.087,-0.114
-0.065,-0.077,-0.012,0.071,-0.027,-0.045,0.111,0.13,0.203,0.103,-0.078,-0.108
-0.075,-0.097,-0.022,0.086,-0.026,-0.059,0.137,0.172,0.256,0.134,-0.079,-0.11
-0.065,-0.076,-0.011,0.071,-0.027,-0.043,0.147,0.182,0.261,0.125,-0.083,-0.111
-0.072,-0.081,-0.009,0.077,-0.032,-0.045,0.143,0.185,0.283,0.121,-0.081,-0.109
-0.081,-0.084,-0.002,0.083,-0.039,-0.043,0.152,0.201,0.297,0.105,-0.131,-0.134
-0.089,-0.085,0.004,0.086,-0.046,-0.04,0.165,0.208,0.308,0.091,-0.159,-0.156
-0.086,-0.068,0.018,0.077,-0.052,-0.025,0.23,0.282,0.386,0.12,-0.175,-0.174
-0.113,-0.052,0.061,0.083,-0.087,0.004,0.314,0.32,0.421,0.133,-0.225,-0.193
-0.131,-0.056,0.076,0.093,-0.103,0.01,0.319,0.382,0.492,0.128,-0.265,-0.213
-0.131,-0.056,0.075,0.093,-0.102,0.009,0.275,0.434,0.558,0.132,-0.285,-0.232
-0.143,-0.068,0.075,0.105,-0.109,0.004,0.269,0.421,0.549,0.127,-0.306,-0.248
-0.131,-0.057,0.074,0.094,-0.103,0.008,0.277,0.408,0.541,0.149,-0.283,-0.234
-0.121,-0.045,0.076,0.082,-0.098,0.016,0.249,0.363,0.49,0.158,-0.212,-0.18
-0.099,-0.028,0.071,0.063,-0.085,0.021,0.191,0.308,0.408,0.146,-0.136,-0.134
-0.06,-0.008,0.053,0.034,-0.056,0.022,0.145,0.238,0.32,0.139,-0.075,-0.09
-0.025,0.008,0.032,0.008,-0.029,0.02,0.104,0.174,0.247,0.127,-0.034,-0.047
0.004,0.016,0.013,-0.01,-0.005,0.014,0.059,0.131,0.19,0.107,-0.014,-0.033
-0.002,-0.006,-0.004,0.004,0.001,-0.005,0.031,0.093,0.136,0.079,-0.004,-0.018
-0.005,-0.02,-0.015,0.013,0.005,-0.017,0.028,0.076,0.098,0.061,-0.007,-0.01
0.041,0.023,-0.018,-0.032,0.029,0.003,0.025,0.062,0.085,0.052,0.008,-0.009
0.034,0.023,-0.011,-0.028,0.022,0.006,0.02,0.05,0.085,0.044,0.028,-0.005
-0.013,-0.043,-0.03,0.028,0.009,-0.036,0.018,0.05,0.087,0.04,0.019,-0.003
0.025,-0.021,-0.046,-0.002,0.035,-0.033,0.014,0.05,0.08,0.04,0.016,0.001
0.026,-0.013,-0.039,-0.006,0.032,-0.026,0.031,0.049,0.082,0.04,0.013,-0.002
-0.005,-0.039,-0.034,0.022,0.015,-0.036,0.023,0.057,0.078,0.044,0.003,-0.013
0.0,-0.027,-0.027,0.014,0.014,-0.027,0.019,0.08,0.074,0.074,0.012,-0.021
-0.007,-0.031,-0.024,0.019,0.009,-0.027,0.054,0.098,0.109,0.081,0.015,-0.021
-0.002,-0.015,-0.014,0.009,0.006,-0.014,0.064,0.102,0.132,0.106,0.038,-0.003
-0.013,-0.015,-0.002,0.014,-0.005,-0.008,0.072,0.111,0.134,0.101,0.032,-0.003
-0.016,0.02,0.036,-0.002,-0.026,0.028,0.062,0.096,0.13,0.118,0.06,0.022
-0.01,0.035,0.045,-0.013,-0.028,0.04,0.113,0.123,0.16,0.147,0.075,0.033
0.011,0.061,0.049,-0.036,-0.019,0.055,0.076,0.133,0.164,0.153,0.094,0.031
0.022,0.049,0.026,-0.036,-0.002,0.038,0.016,0.173,0.213,0.188,0.096,0.017
0.005,0.031,0.027,-0.018,-0.011,0.029,0.017,0.096,0.123,0.1,0.043,0.006
0.028,0.028,0.0,-0.028,0.013,0.014,0.054,0.167,0.246,0.313,0.16,0.04
0.048,0.106,0.058,-0.078,-0.005,0.082,-0.028,-0.027,-0.094,0.434,0.534,0.202
0.291,0.41,0.119,-0.351,0.086,0.264,-0.79,-1.357,-1.742,0.243,1.695,0.892
0.704,0.286,-0.418,-0.495,0.561,-0.066,-1.336,-1.84,-2.509,-0.851,1.399,1.199
0.559,0.113,-0.445,-0.336,0.502,-0.166,-1.187,-1.558,-2.302,-2.349,-0.597,0.585
0.065,-0.008,-0.073,-0.028,0.069,-0.04,-0.67,-1.185,-1.507,-1.627,-0.875,0.038
-0.06,-0.212,-0.152,0.136,0.046,-0.181,-0.066,-0.205,-0.223,-0.294,-0.317,-0.142
-0.028,-0.063,-0.035,0.046,0.004,-0.049,0.059,0.074,0.098,-0.003,-0.137,-0.101
-0.065,-0.081,-0.016,0.073,-0.024,-0.048,0.064,0.066,0.129,0.091,-0.068,-0.091
-0.081,-0.115,-0.034,0.098,-0.023,-0.074,0.096,0.127,0.189,0.085,-0.102,-0.102
-0.071,-0.077,-0.006,0.074,-0.032,-0.042,0.099,0.093,0.16,0.099,-0.072,-0.099
-0.067,-0.094,-0.028,0.081,-0.019,-0.061,0.113,0.139,0.192,0.101,-0.095,-0.122
-0.06,-0.065,-0.005,0.063,-0.027,-0.035,0.105,0.129,0.197,0.126,-0.086,-0.11
-0.059,-0.071,-0.012,0.065,-0.023,-0.041,0.117,0.162,0.237,0.135,-0.091,-0.117
-0.072,-0.057,0.016,0.064,-0.044,-0.02,0.125,0.169,0.252,0.135,-0.094,-0.118
-0.079,-0.06,0.019,0.069,-0.049,-0.02,0.129,0.185,0.276,0.145,-0.099,-0.119
-0.096,-0.064,0.031,0.08,-0.064,-0.016,0.137,0.191,0.279,0.136,-0.119,-0.136
-0.083,-0.05,0.033,0.066,-0.058,-0.008,0.154,0.21,0.304,0.139,-0.14,-0.15
-0.108,-0.068,0.04,0.088,-0.074,-0.014,0.193,0.256,0.356,0.132,-0.174,-0.169
-0.141,-0.045,0.096,0.093,-0.118,0.025,0.273,0.316,0.418,0.142,-0.203,-0.185
-0.094,0.024,0.118,0.035,-0.106,0.071,0.275,0.392,0.504,0.161,-0.215,-0.187
-0.132,-0.018,0.113,0.074,-0.122,0.047,0.254,0.409,0.533,0.167,-0.247,-0.223
-0.188,-0.072,0.116,0.129,-0.152,0.022,0.264,0.396,0.529,0.168,-0.271,-0.235
-0.135,-0.022,0.114,0.078,-0.124,0.046,0.255,0.391,0.529,0.199,-0.22,-0.195
-0.099,0.018,0.117,0.04,-0.108,0.067,0.214,0.337,0.458,0.208,-0.152,-0.16
-0.097,0.007,0.104,0.044,-0.101,0.055,0.158,0.267,0.358,0.179,-0.093,-0.12
-0.056,0.02,0.077,0.018,-0.067,0.048,0.116,0.214,0.293,0.173,-0.039,-0.074
-0.001,0.058,0.06,-0.029,-0.031,0.058,0.075,0.163,0.234,0.164,-0.004,-0.039
-0.014,0.028,0.042,-0.007,-0.028,0.035,0.044,0.121,0.167,0.129,0.009,-0.021
-0.05,-0.019,0.031,0.034,-0.04,0.006,0.026,0.085,0.111,0.091,0.015,-0.012
-0.03,-0.009,0.021,0.019,-0.025,0.006,0.021,0.069,0.08,0.073,0.023,-0.01
-0.041,-0.024,0.017,0.032,-0.029,-0.003,0.015,0.063,0.069,0.065,0.028,-0.01
-0.009,-0.002,0.007,0.005,-0.008,0.003,0.01,0.061,0.068,0.058,0.031,-0.01
0.019,0.018,0.0,-0.018,0.009,0.008,0.003,0.066,0.065,0.054,0.029,-0.009
-0.04,-0.026,0.014,0.033,-0.027,-0.006,0.002,0.067,0.06,0.056,0.031,-0.005
-0.037,-0.033,0.004,0.035,-0.02,-0.014,0.029,0.071,0.061,0.055,0.029,-0.005
-0.015,-0.017,-0.002,0.016,-0.006,-0.009,0.031,0.074,0.063,0.053,0.031,-0.005
-0.013,-0.006,0.007,0.01,-0.01,0.0,0.029,0.074,0.077,0.074,0.04,-0.004
-0.01,0.01,0.02,-0.001,-0.015,0.015,0.029,0.069,0.08,0.071,0.031,-0.007
-0.013,0.008,0.021,0.002,-0.017,0.014,0.022,0.048,0.08,0.083,0.041,0.001
0.005,0.009,0.005,-0.007,0.0,0.007,0.028,0.053,0.09,0.076,0.032,0.003
0.017,0.052,0.035,-0.035,-0.01,0.043,0.046,0.086,0.091,0.13,0.077,0.015
-0.005,0.052,0.057,-0.023,-0.032,0.054,0.109,0.115,0.121,0.146,0.071,0.017
0.004,0.08,0.076,-0.042,-0.036,0.077,0.063,0.096,0.125,0.137,0.085,0.025
0.028,0.072,0.044,-0.05,-0.008,0.057,0.027,0.138,0.163,0.167,0.095,0.021
-0.002,0.043,0.045,-0.021,-0.024,0.044,0.018,0.065,0.08,0.091,0.051,0.016
0.006,0.031,0.025,-0.019,-0.01,0.028,0.059,0.159,0.22,0.331,0.188,0.039
0.051,0.153,0.103,-0.102,-0.026,0.128,-0.072,-0.165,-0.278,0.426,0.607,0.242
0.29,0.424,0.134,-0.357,0.077,0.279,-0.915,-1.58,-1.993,0.239,1.728,0.936
0.738,0.302,-0.436,-0.52,0.587,-0.067,-1.418,-1.908,-2.601,-0.898,1.301,1.169
0.58,0.173,-0.408,-0.377,0.494,-0.117,-1.215,-1.595,-2.324,-2.336,-0.589,0.563
0.028,0.004,-0.024,-0.016,0.026,-0.01,-0.672,-1.206,-1.486,-1.532,-0.786,0.041
-0.076,-0.204,-0.128,0.141,0.026,-0.166,-0.055,-0.189,-0.192,-0.261,-0.295,-0.147
-0.059,-0.075,-0.016,0.067,-0.021,-0.046,0.06,0.063,0.108,0.022,-0.113,-0.105
-0.084,-0.076,0.009,0.08,-0.046,-0.033,0.072,0.07,0.156,0.108,-0.062,-0.101
-0.084,-0.087,-0.003,0.085,-0.041,-0.044,0.1,0.12,0.204,0.085,-0.097,-0.109
-0.103,-0.078,0.025,0.091,-0.064,-0.027,0.107,0.088,0.184,0.111,-0.068,-0.113
-0.096,-0.085,0.01,0.091,-0.053,-0.037,0.125,0.141,0.219,0.109,-0.095,-0.141
-0.097,-0.071,0.025,0.084,-0.061,-0.023,0.121,0.133,0.225,0.125,-0.083,-0.131
-0.095,-0.085,0.01,0.089,-0.052,-0.037,0.144,0.173,0.278,0.141,-0.092,-0.136
-0.118,-0.077,0.041,0.098,-0.079,-0.018,0.14,0.161,0.277,0.138,-0.094,-0.138
-0.12,-0.081,0.039,0.101,-0.08,-0.021,0.149,0.177,0.306,0.142,-0.098,-0.155
-0.113,-0.073,0.04,0.092,-0.076,-0.016,0.151,0.185,0.304,0.134,-0.12,-0.164
-0.118,-0.067,0.051,0.092,-0.084,-0.007,0.165,0.208,0.323,0.136,-0.143,-0.181
-0.151,-0.071,0.081,0.111,-0.116,0.005,0.234,0.276,0.393,0.134,-0.166,-0.199
-0.181,-0.07,0.11,0.125,-0.146,0.02,0.297,0.317,0.433,0.12,-0.212,-0.218
-0.102,0.013,0.115,0.044,-0.108,0.063,0.299,0.39,0.516,0.129,-0.244,-0.236
-0.1,0.013,0.113,0.043,-0.107,0.063,0.293,0.422,0.546,0.143,-0.271,-0.24
-0.138,-0.029,0.109,0.084,-0.124,0.04,0.289,0.406,0.525,0.137,-0.278,-0.234
-0.123,-0.016,0.106,0.069,-0.114,0.045,0.286,0.392,0.528,0.167,-0.22,-0.218
-0.131,-0.025,0.106,0.078,-0.118,0.04,0.25,0.339,0.459,0.177,-0.164,-0.188
-0.076,0.016,0.092,0.03,-0.084,0.054,0.192,0.276,0.379,0.16,-0.097,-0.139
-0.028,0.03,0.058,-0.001,-0.043,0.044,0.148,0.217,0.297,0.151,-0.039,-0.092
-0.02,0.019,0.039,0.0,-0.029,0.028,0.092,0.169,0.223,0.136,-0.01,-0.048
-0.007,0.016,0.023,-0.005,-0.015,0.019,0.063,0.126,0.172,0.122,0.003,-0.025
-0.004,0.006,0.009,-0.001,-0.007,0.007,0.047,0.084,0.112,0.105,0.007,-0.025
-0.003,0.0,0.003,0.002,-0.003,0.001,0.037,0.065,0.081,0.09,0.014,-0.025
-0.002,-0.007,-0.004,0.005,0.001,-0.005,0.041,0.066,0.074,0.072,0.019,-0.024
-0.01,-0.022,-0.011,0.016,0.001,-0.016,0.043,0.063,0.075,0.065,0.025,-0.027
-0.012,-0.032,-0.02,0.022,0.004,-0.026,0.047,0.061,0.076,0.064,0.024,-0.03
-0.001,-0.023,-0.023,0.012,0.011,-0.023,0.048,0.058,0.073,0.066,0.027,-0.022
-0.002,-0.021,-0.019,0.012,0.009,-0.02,0.053,0.065,0.077,0.063,0.028,-0.016
0.0,-0.011,-0.011,0.005,0.006,-0.011,0.051,0.082,0.092,0.067,0.032,-0.009
-0.004,-0.014,-0.009,0.009,0.003,-0.011,0.059,0.102,0.113,0.091,0.028,-0.002
-0.006,-0.005,0.001,0.006,-0.003,-0.002,0.051,0.089,0.097,0.086,0.041,-0.003
-0.019,-0.016,0.003,0.017,-0.011,-0.006,0.058,0.101,0.113,0.101,0.048,-0.01
0.001,0.01,0.009,-0.006,-0.004,0.009,0.056,0.107,0.129,0.114,0.043,-0.012
0.053,0.077,0.024,-0.065,0.015,0.05,0.078,0.105,0.141,0.135,0.073,0.007
0.046,0.068,0.022,-0.057,0.012,0.045,0.144,0.132,0.152,0.118,0.05,0.002
0.041,0.074,0.033,-0.057,0.003,0.053,0.088,0.146,0.172,0.175,0.105,0.029
0.047,0.053,0.006,-0.05,0.02,0.029,0.061,0.178,0.202,0.13,0.061,0.018
0.013,0.044,0.031,-0.029,-0.009,0.037,0.028,0.099,0.14,0.159,0.094,0.006
-0.005,0.015,0.02,-0.005,-0.012,0.017,0.093,0.227,0.272,0.437,0.25,0.042
0.106,0.23,0.123,-0.168,-0.009,0.176,-0.245,-0.512,-0.69,0.499,1.021,0.453
0.526,0.397,-0.129,-0.461,0.327,0.134,-1.118,-1.796,-2.304,-0.038,1.832,1.12
0.773,0.173,-0.6,-0.473,0.686,-0.213,-1.36,-1.838,-2.63,-1.815,0.341,0.903
0.319,0.074,-0.245,-0.196,0.282,-0.086,-1.012,-1.571,-2.177,-2.397,-1.016,0.226
-0.034,-0.133,-0.098,0.084,0.032,-0.115,-0.37,-0.774,-0.916,-0.926,-0.582,-0.102
-0.018,-0.172,-0.154,0.095,0.068,-0.162,0.051,0.034,0.035,-0.106,-0.208,-0.148
-0.072,-0.071,0.001,0.072,-0.036,-0.034,0.051,0.053,0.099,0.047,-0.072,-0.099
-0.088,-0.121,-0.033,0.104,-0.027,-0.077,0.093,0.118,0.19,0.071,-0.096,-0.124
-0.08,-0.079,0.001,0.08,-0.041,-0.039,0.094,0.109,0.192,0.08,-0.081,-0.11
-0.091,-0.105,-0.014,0.098,-0.038,-0.059,0.108,0.121,0.203,0.123,-0.07,-0.132
-0.088,-0.099,-0.01,0.093,-0.039,-0.054,0.107,0.139,0.201,0.104,-0.073,-0.143
-0.078,-0.085,-0.007,0.081,-0.035,-0.046,0.115,0.152,0.226,0.125,-0.062,-0.137
-0.066,-0.081,-0.015,0.074,-0.026,-0.048,0.137,0.186,0.258,0.128,-0.077,-0.147
-0.082,-0.066,0.016,0.073,-0.049,-0.025,0.135,0.173,0.277,0.145,-0.055,-0.143
-0.109,-0.074,0.035,0.091,-0.072,-0.019,0.145,0.197,0.311,0.144,-0.09,-0.147
-0.095,-0.062,0.032,0.078,-0.063,-0.015,0.152,0.205,0.305,0.145,-0.116,-0.149
-0.094,-0.069,0.025,0.081,-0.059,-0.022,0.162,0.234,0.341,0.145,-0.142,-0.165
-0.127,-0.054,0.074,0.09,-0.1,0.01,0.218,0.294,0.399,0.145,-0.183,-0.187
-0.118,-0.016,0.102,0.067,-0.11,0.042,0.302,0.342,0.455,0.144,-0.202,-0.201
-0.117,-0.001,0.116,0.059,-0.116,0.057,0.289,0.407,0.529,0.166,-0.209,-0.208
-0.132,-0.011,0.121,0.072,-0.126,0.054,0.25,0.429,0.556,0.179,-0.248,-0.241
-0.116,-0.002,0.114,0.058,-0.115,0.055,0.245,0.397,0.537,0.184,-0.238,-0.222
-0.11,0.005,0.115,0.052,-0.113,0.06,0.226,0.38,0.513,0.232,-0.165,-0.162
-0.111,0.005,0.116,0.052,-0.114,0.061,0.193,0.323,0.433,0.226,-0.113,-0.119
-0.069,0.032,0.101,0.018,-0.085,0.066,0.144,0.256,0.339,0.197,-0.063,-0.066
-0.05,0.011,0.061,0.019,-0.055,0.036,0.1,0.194,0.266,0.173,-0.024,-0.041
-0.031,0.01,0.041,0.01,-0.036,0.025,0.068,0.133,0.195,0.128,-0.013,-0.033
0.003,0.036,0.033,-0.02,-0.015,0.034,0.036,0.088,0.132,0.103,-0.005,-0.027
0.0,0.018,0.019,-0.009,-0.01,0.018,0.02,0.054,0.087,0.083,0.003,-0.031
-0.012,0.0,0.012,0.006,-0.012,0.005,0.02,0.045,0.059,0.063,0.002,-0.029
-0.01,-0.006,0.004,0.007,-0.007,-0.001,0.02,0.045,0.049,0.048,-0.002,-0.031
-0.023,-0.023,0.0,0.023,-0.011,-0.011,0.019,0.045,0.051,0.048,-0.003,-0.029
-0.023,-0.03,-0.007,0.027,-0.008,-0.019,0.021,0.046,0.05,0.05,-0.009,-0.025
-0.02,-0.029,-0.01,0.025,-0.005,-0.019,0.018,0.043,0.05,0.054,-0.009,-0.018
-0.06,-0.069,-0.009,0.065,-0.025,-0.039,0.014,0.05,0.05,0.059,-0.008,-0.014
-0.007,-0.036,-0.03,0.022,0.012,-0.033,0.025,0.063,0.052,0.058,0.013,-0.008
0.056,0.019,-0.036,-0.037,0.046,-0.008,0.048,0.071,0.072,0.069,0.027,-0.002
0.033,0.015,-0.019,-0.024,0.026,-0.002,0.044,0.07,0.074,0.06,0.023,0.001
0.024,0.013,-0.011,-0.018,0.017,0.001,0.044,0.074,0.077,0.08,0.049,0.009
-0.007,-0.016,-0.01,0.012,0.002,-0.013,0.047,0.077,0.081,0.064,0.031,0.004
-0.026,-0.025,0.002,0.026,-0.014,-0.012,0.049,0.087,0.098,0.089,0.068,0.017
0.002,0.037,0.034,-0.02,-0.016,0.035,0.107,0.111,0.129,0.091,0.044,0.006
0.019,0.089,0.07,-0.054,-0.026,0.079,0.065,0.091,0.115,0.118,0.08,0.034
0.034,0.055,0.02,-0.045,0.007,0.037,0.037,0.133,0.152,0.145,0.092,0.054
0.021,0.045,0.024,-0.033,-0.002,0.034,0.007,0.06,0.079,0.083,0.054,0.054
0.008,0.009,0.001,-0.009,0.003,0.005,0.041,0.177,0.238,0.345,0.202,0.071
0.071,0.17,0.099,-0.121,-0.014,0.134,-0.109,-0.218,-0.307,0.47,0.723,0.304
0.358,0.41,0.052,-0.383,0.153,0.23,-0.947,-1.6,-2.003,0.158,1.829,1.026
0.731,0.239,-0.492,-0.484,0.611,-0.126,-1.384,-1.942,-2.662,-1.324,0.973,1.109
0.462,0.097,-0.365,-0.28,0.414,-0.134,-1.13,-1.655,-2.355,-2.514,-0.886,0.412
-0.014,-0.087,-0.074,0.051,0.03,-0.08,-0.571,-1.065,-1.311,-1.361,-0.773,-0.033
-0.033,-0.187,-0.154,0.111,0.061,-0.17,-0.031,-0.109,-0.115,-0.211,-0.273,-0.149
-0.051,-0.087,-0.037,0.069,-0.007,-0.062,0.03,0.05,0.084,0.006,-0.102,-0.093
-0.065,-0.098,-0.033,0.082,-0.016,-0.065,0.056,0.074,0.146,0.07,-0.078,-0.102
-0.041,-0.049,-0.008,0.045,-0.016,-0.028,0.073,0.105,0.164,0.069,-0.099,-0.107
-0.075,-0.074,0.001,0.075,-0.038,-0.036,0.072,0.095,0.153,0.1,-0.071,-0.097
-0.068,-0.089,-0.021,0.079,-0.023,-0.054,0.092,0.126,0.185,0.096,-0.096,-0.104
-0.077,-0.089,-0.012,0.083,-0.032,-0.05,0.095,0.115,0.192,0.121,-0.077,-0.097
-0.071,-0.09,-0.02,0.081,-0.025,-0.055,0.127,0.161,0.237,0.119,-0.089,-0.121
-0.064,-0.069,-0.005,0.066,-0.029,-0.036,0.13,0.166,0.25,0.122,-0.089,-0.127
-0.072,-0.08,-0.008,0.076,-0.031,-0.044,0.137,0.197,0.287,0.125,-0.102,-0.132
-0.064,-0.063,0.001,0.064,-0.032,-0.031,0.145,0.199,0.289,0.125,-0.115,-0.126
-0.094,-0.081,0.013,0.087,-0.053,-0.034,0.164,0.212,0.308,0.125,-0.177,-0.16
-0.117,-0.061,0.055,0.089,-0.086,-0.003,0.219,0.283,0.374,0.126,-0.208,-0.198
-0.134,-0.048,0.087,0.091,-0.11,0.019,0.285,0.324,0.412,0.124,-0.228,-0.197
-0.157,-0.066,0.091,0.111,-0.124,0.012,0.278,0.381,0.479,0.129,-0.266,-0.205
-0.153,-0.058,0.096,0.105,-0.124,0.019,0.247,0.439,0.543,0.144,-0.28,-0.231
-0.138,-0.05,0.087,0.094,-0.112,0.018,0.244,0.425,0.515,0.144,-0.3,-0.247
-0.123,-0.045,0.078,0.084,-0.1,0.016,0.233,0.411,0.482,0.174,-0.25,-0.212
-0.104,-0.034,0.07,0.069,-0.087,0.018,0.202,0.358,0.438,0.185,-0.173,-0.165
-0.053,0.008,0.06,0.022,-0.057,0.034,0.161,0.275,0.355,0.169,-0.106,-0.116
-0.046,0.005,0.051,0.02,-0.049,0.028,0.116,0.212,0.274,0.155,-0.039,-0.068
-0.025,0.013,0.039,0.005,-0.032,0.026,0.071,0.159,0.202,0.126,-0.002,-0.034
0.011,0.036,0.025,-0.024,-0.007,0.03,0.036,0.121,0.137,0.098,0.019,-0.007
0.003,0.017,0.014,-0.01,-0.006,0.015,0.017,0.081,0.088,0.073,0.021,0.004
-0.005,-0.003,0.002,0.004,-0.003,0.0,0.011,0.062,0.065,0.056,0.02,0.011
-0.017,-0.022,-0.006,0.02,-0.005,-0.014,0.007,0.053,0.048,0.043,0.02,0.017
-0.018,-0.031,-0.014,0.025,-0.002,-0.022,0.002,0.047,0.038,0.045,0.017,0.017
-0.033,-0.057,-0.023,0.045,-0.005,-0.04,-0.002,0.051,0.028,0.048,0.014,0.013
-0.024,-0.051,-0.027,0.038,0.002,-0.039,-0.005,0.052,0.027,0.05,0.016,0.012
-0.001,-0.046,-0.045,0.024,0.022,-0.045,0.004,0.057,0.056,0.055,0.015,0.008
-0.006,-0.055,-0.049,0.031,0.022,-0.052,0.007,0.063,0.058,0.052,0.013,0.005
0.009,-0.036,-0.045,0.014,0.027,-0.041,0.014,0.067,0.074,0.066,0.024,0.007
0.01,-0.03,-0.04,0.01,0.025,-0.035,0.019,0.051,0.081,0.069,0.02,0.017
-0.013,-0.048,-0.035,0.031,0.011,-0.041,0.014,0.064,0.072,0.088,0.028,0.024
0.022,-0.023,-0.045,0.001,0.034,-0.033,0.015,0.095,0.092,0.081,0.034,0.015
0.018,-0.007,-0.025,-0.006,0.022,-0.015,0.031,0.106,0.11,0.112,0.075,0.028
-0.016,-0.011,0.004,0.013,-0.01,-0.003,0.09,0.128,0.137,0.107,0.053,0.017
0.014,0.06,0.046,-0.038,-0.016,0.053,0.062,0.126,0.148,0.136,0.093,0.044
0.061,0.05,-0.011,-0.056,0.036,0.02,0.021,0.167,0.191,0.155,0.097,0.033
0.065,0.048,-0.017,-0.057,0.041,0.015,-0.002,0.088,0.108,0.098,0.088,0.027
0.017,0.018,0.0,-0.018,0.008,0.009,0.055,0.203,0.266,0.374,0.228,0.077
0.085,0.172,0.087,-0.129,-0.001,0.13,-0.136,-0.21,-0.304,0.483,0.804,0.354
0.422,0.437,0.015,-0.429,0.203,0.225,-0.939,-1.486,-1.914,0.153,1.946,1.091
0.728,0.244,-0.484,-0.486,0.606,-0.12,-1.324,-1.788,-2.508,-1.327,0.961,1.124
0.419,0.083,-0.336,-0.251,0.377,-0.126,-1.047,-1.553,-2.228,-2.464,-0.942,0.391
-0.017,-0.118,-0.101,0.067,0.042,-0.109,-0.482,-0.939,-1.181,-1.27,-0.757,-0.042
-0.045,-0.23,-0.185,0.138,0.07,-0.207,0.0,-0.066,-0.082,-0.188,-0.255,-0.126
-0.043,-0.081,-0.039,0.062,-0.002,-0.06,0.044,0.049,0.073,-0.007,-0.111,-0.069
-0.038,-0.099,-0.061,0.069,0.012,-0.079,0.064,0.089,0.139,0.069,-0.08,-0.083
-0.028,-0.079,-0.052,0.054,0.012,-0.065,0.082,0.1,0.145,0.059,-0.097,-0.08
-0.043,-0.086,-0.043,0.065,0.0,-0.064,0.075,0.097,0.14,0.092,-0.07,-0.083
-0.038,-0.091,-0.053,0.065,0.008,-0.071,0.094,0.132,0.16,0.08,-0.099,-0.105
-0.038,-0.074,-0.036,0.057,-0.001,-0.055,0.106,0.121,0.178,0.108,-0.082,-0.095
-0.034,-0.077,-0.043,0.056,0.004,-0.059,0.108,0.156,0.225,0.108,-0.099,-0.103
-0.041,-0.062,-0.021,0.052,-0.01,-0.042,0.104,0.153,0.224,0.109,-0.093,-0.097
-0.039,-0.061,-0.022,0.05,-0.008,-0.041,0.121,0.178,0.256,0.112,-0.099,-0.104
-0.038,-0.055,-0.017,0.047,-0.01,-0.036,0.126,0.186,0.263,0.107,-0.127,-0.123
-0.008,-0.068,-0.061,0.038,0.027,-0.064,0.145,0.206,0.287,0.113,-0.156,-0.135
0.04,-0.05,-0.09,0.006,0.065,-0.07,0.194,0.26,0.352,0.101,-0.178,-0.152
